CREATE TABLE IF NOT EXISTS "auth_group" ("id" integer NOT NULL PRIMARY KEY AUTOINCREMENT, "name" varchar(150) NOT NULL UNIQUE);
CREATE UNIQUE INDEX "auth_group_permissions_group_id_permission_id_0cd325b0_uniq" ON "auth_group_permissions" ("group_id", "permission_id");
CREATE INDEX IF NOT EXISTS "auth_group_permissions_group_id_b120cbf9" ON "auth_group_permissions" ("group_id");
CREATE INDEX IF NOT EXISTS "auth_group_permissions_permission_id_84c5c92e" ON "auth_group_permissions" ("permission_id");
CREATE UNIQUE INDEX "auth_user_groups_user_id_group_id_94350c0c_uniq" ON "auth_user_groups" ("user_id", "group_id");
CREATE INDEX IF NOT EXISTS "auth_user_groups_user_id_6a12ed8b" ON "auth_user_groups" ("user_id");
CREATE INDEX IF NOT EXISTS "auth_user_groups_group_id_97559544" ON "auth_user_groups" ("group_id");
CREATE UNIQUE INDEX "auth_user_user_permissions_user_id_permission_id_14a6b632_uniq" ON "auth_user_user_permissions" ("user_id", "permission_id");
CREATE INDEX IF NOT EXISTS "auth_user_user_permissions_user_id_a95ead1b" ON "auth_user_user_permissions" ("user_id");
CREATE INDEX IF NOT EXISTS "auth_user_user_permissions_permission_id_1fbb5f2c" ON "auth_user_user_permissions" ("permission_id");
CREATE INDEX IF NOT EXISTS "django_admin_log_content_type_id_c4bce8eb" ON "django_admin_log" ("content_type_id");
CREATE INDEX IF NOT EXISTS "django_admin_log_user_id_c564eba6" ON "django_admin_log" ("user_id");
CREATE UNIQUE INDEX "django_content_type_app_label_model_76bd3d3b_uniq" ON "django_content_type" ("app_label", "model");
CREATE UNIQUE INDEX "auth_permission_content_type_id_codename_01ab375a_uniq" ON "auth_permission" ("content_type_id", "codename");
CREATE INDEX IF NOT EXISTS "auth_permission_content_type_id_2f476e4b" ON "auth_permission" ("content_type_id");
CREATE INDEX IF NOT EXISTS "kmutnbtrackapp_person_user_id_94288e0f" ON "kmutnbtrackapp_person" ("user_id");
CREATE INDEX IF NOT EXISTS "kmutnbtrackapp_history_lab_id_1d8f06a2" ON "kmutnbtrackapp_history" ("lab_id");
CREATE INDEX IF NOT EXISTS "kmutnbtrackapp_history_person_id_80999c18" ON "kmutnbtrackapp_history" ("person_id");
CREATE INDEX IF NOT EXISTS "django_session_expire_date_a5c62663" ON "django_session" ("expire_date");
CREATE UNIQUE INDEX "social_auth_nonce_server_url_timestamp_salt_f6284463_uniq" ON "social_auth_nonce" ("server_url", "timestamp", "salt");
CREATE UNIQUE INDEX "social_auth_association_server_url_handle_078befa2_uniq" ON "social_auth_association" ("server_url", "handle");
CREATE UNIQUE INDEX "social_auth_code_email_code_801b2d02_uniq" ON "social_auth_code" ("email", "code");
CREATE INDEX IF NOT EXISTS "social_auth_code_code_a2393167" ON "social_auth_code" ("code");
CREATE INDEX IF NOT EXISTS "social_auth_code_timestamp_176b341f" ON "social_auth_code" ("timestamp");
CREATE INDEX IF NOT EXISTS "social_auth_partial_token_3017fea3" ON "social_auth_partial" ("token");
CREATE INDEX IF NOT EXISTS "social_auth_partial_timestamp_50f2119f" ON "social_auth_partial" ("timestamp");
CREATE UNIQUE INDEX "social_auth_usersocialauth_provider_uid_e6b5e668_uniq" ON "social_auth_usersocialauth" ("provider", "uid");
CREATE INDEX IF NOT EXISTS "social_auth_usersocialauth_user_id_17d28448" ON "social_auth_usersocialauth" ("user_id");
CREATE INDEX IF NOT EXISTS "social_auth_usersocialauth_uid_796e51dc" ON "social_auth_usersocialauth" ("uid");
CREATE TABLE IF NOT EXISTS "auth_group_permissions" ("id" integer NOT NULL PRIMARY KEY AUTOINCREMENT, "group_id" integer NOT NULL REFERENCES "auth_group" ("id") DEFERRABLE INITIALLY DEFERRED, "permission_id" integer NOT NULL REFERENCES "auth_permission" ("id") DEFERRABLE INITIALLY DEFERRED);
CREATE UNIQUE INDEX "auth_group_permissions_group_id_permission_id_0cd325b0_uniq" ON "auth_group_permissions" ("group_id", "permission_id");
CREATE INDEX IF NOT EXISTS "auth_group_permissions_group_id_b120cbf9" ON "auth_group_permissions" ("group_id");
CREATE INDEX IF NOT EXISTS "auth_group_permissions_permission_id_84c5c92e" ON "auth_group_permissions" ("permission_id");
CREATE UNIQUE INDEX "auth_user_groups_user_id_group_id_94350c0c_uniq" ON "auth_user_groups" ("user_id", "group_id");
CREATE INDEX IF NOT EXISTS "auth_user_groups_user_id_6a12ed8b" ON "auth_user_groups" ("user_id");
CREATE INDEX IF NOT EXISTS "auth_user_groups_group_id_97559544" ON "auth_user_groups" ("group_id");
CREATE UNIQUE INDEX "auth_user_user_permissions_user_id_permission_id_14a6b632_uniq" ON "auth_user_user_permissions" ("user_id", "permission_id");
CREATE INDEX IF NOT EXISTS "auth_user_user_permissions_user_id_a95ead1b" ON "auth_user_user_permissions" ("user_id");
CREATE INDEX IF NOT EXISTS "auth_user_user_permissions_permission_id_1fbb5f2c" ON "auth_user_user_permissions" ("permission_id");
CREATE INDEX IF NOT EXISTS "django_admin_log_content_type_id_c4bce8eb" ON "django_admin_log" ("content_type_id");
CREATE INDEX IF NOT EXISTS "django_admin_log_user_id_c564eba6" ON "django_admin_log" ("user_id");
CREATE UNIQUE INDEX "django_content_type_app_label_model_76bd3d3b_uniq" ON "django_content_type" ("app_label", "model");
CREATE UNIQUE INDEX "auth_permission_content_type_id_codename_01ab375a_uniq" ON "auth_permission" ("content_type_id", "codename");
CREATE INDEX IF NOT EXISTS "auth_permission_content_type_id_2f476e4b" ON "auth_permission" ("content_type_id");
CREATE INDEX IF NOT EXISTS "kmutnbtrackapp_person_user_id_94288e0f" ON "kmutnbtrackapp_person" ("user_id");
CREATE INDEX IF NOT EXISTS "kmutnbtrackapp_history_lab_id_1d8f06a2" ON "kmutnbtrackapp_history" ("lab_id");
CREATE INDEX IF NOT EXISTS "kmutnbtrackapp_history_person_id_80999c18" ON "kmutnbtrackapp_history" ("person_id");
CREATE INDEX IF NOT EXISTS "django_session_expire_date_a5c62663" ON "django_session" ("expire_date");
CREATE UNIQUE INDEX "social_auth_nonce_server_url_timestamp_salt_f6284463_uniq" ON "social_auth_nonce" ("server_url", "timestamp", "salt");
CREATE UNIQUE INDEX "social_auth_association_server_url_handle_078befa2_uniq" ON "social_auth_association" ("server_url", "handle");
CREATE UNIQUE INDEX "social_auth_code_email_code_801b2d02_uniq" ON "social_auth_code" ("email", "code");
CREATE INDEX IF NOT EXISTS "social_auth_code_code_a2393167" ON "social_auth_code" ("code");
CREATE INDEX IF NOT EXISTS "social_auth_code_timestamp_176b341f" ON "social_auth_code" ("timestamp");
CREATE INDEX IF NOT EXISTS "social_auth_partial_token_3017fea3" ON "social_auth_partial" ("token");
CREATE INDEX IF NOT EXISTS "social_auth_partial_timestamp_50f2119f" ON "social_auth_partial" ("timestamp");
CREATE UNIQUE INDEX "social_auth_usersocialauth_provider_uid_e6b5e668_uniq" ON "social_auth_usersocialauth" ("provider", "uid");
CREATE INDEX IF NOT EXISTS "social_auth_usersocialauth_user_id_17d28448" ON "social_auth_usersocialauth" ("user_id");
CREATE INDEX IF NOT EXISTS "social_auth_usersocialauth_uid_796e51dc" ON "social_auth_usersocialauth" ("uid");
CREATE TABLE IF NOT EXISTS "auth_permission" ("id" integer NOT NULL PRIMARY KEY AUTOINCREMENT, "content_type_id" integer NOT NULL REFERENCES "django_content_type" ("id") DEFERRABLE INITIALLY DEFERRED, "codename" varchar(100) NOT NULL, "name" varchar(255) NOT NULL);
INSERT INTO "auth_permission" VALUES(1,1,'add_lab','Can add lab');
INSERT INTO "auth_permission" VALUES(2,1,'change_lab','Can change lab');
INSERT INTO "auth_permission" VALUES(3,1,'delete_lab','Can delete lab');
INSERT INTO "auth_permission" VALUES(4,1,'view_lab','Can view lab');
INSERT INTO "auth_permission" VALUES(5,2,'add_person','Can add person');
INSERT INTO "auth_permission" VALUES(6,2,'change_person','Can change person');
INSERT INTO "auth_permission" VALUES(7,2,'delete_person','Can delete person');
INSERT INTO "auth_permission" VALUES(8,2,'view_person','Can view person');
INSERT INTO "auth_permission" VALUES(9,3,'add_history','Can add history');
INSERT INTO "auth_permission" VALUES(10,3,'change_history','Can change history');
INSERT INTO "auth_permission" VALUES(11,3,'delete_history','Can delete history');
INSERT INTO "auth_permission" VALUES(12,3,'view_history','Can view history');
INSERT INTO "auth_permission" VALUES(13,4,'add_logentry','Can add log entry');
INSERT INTO "auth_permission" VALUES(14,4,'change_logentry','Can change log entry');
INSERT INTO "auth_permission" VALUES(15,4,'delete_logentry','Can delete log entry');
INSERT INTO "auth_permission" VALUES(16,4,'view_logentry','Can view log entry');
INSERT INTO "auth_permission" VALUES(17,5,'add_permission','Can add permission');
INSERT INTO "auth_permission" VALUES(18,5,'change_permission','Can change permission');
INSERT INTO "auth_permission" VALUES(19,5,'delete_permission','Can delete permission');
INSERT INTO "auth_permission" VALUES(20,5,'view_permission','Can view permission');
INSERT INTO "auth_permission" VALUES(21,6,'add_group','Can add group');
INSERT INTO "auth_permission" VALUES(22,6,'change_group','Can change group');
INSERT INTO "auth_permission" VALUES(23,6,'delete_group','Can delete group');
INSERT INTO "auth_permission" VALUES(24,6,'view_group','Can view group');
INSERT INTO "auth_permission" VALUES(25,7,'add_user','Can add user');
INSERT INTO "auth_permission" VALUES(26,7,'change_user','Can change user');
INSERT INTO "auth_permission" VALUES(27,7,'delete_user','Can delete user');
INSERT INTO "auth_permission" VALUES(28,7,'view_user','Can view user');
INSERT INTO "auth_permission" VALUES(29,8,'add_contenttype','Can add content type');
INSERT INTO "auth_permission" VALUES(30,8,'change_contenttype','Can change content type');
INSERT INTO "auth_permission" VALUES(31,8,'delete_contenttype','Can delete content type');
INSERT INTO "auth_permission" VALUES(32,8,'view_contenttype','Can view content type');
INSERT INTO "auth_permission" VALUES(33,9,'add_session','Can add session');
INSERT INTO "auth_permission" VALUES(34,9,'change_session','Can change session');
INSERT INTO "auth_permission" VALUES(35,9,'delete_session','Can delete session');
INSERT INTO "auth_permission" VALUES(36,9,'view_session','Can view session');
INSERT INTO "auth_permission" VALUES(37,10,'add_association','Can add association');
INSERT INTO "auth_permission" VALUES(38,10,'change_association','Can change association');
INSERT INTO "auth_permission" VALUES(39,10,'delete_association','Can delete association');
INSERT INTO "auth_permission" VALUES(40,10,'view_association','Can view association');
INSERT INTO "auth_permission" VALUES(41,11,'add_code','Can add code');
INSERT INTO "auth_permission" VALUES(42,11,'change_code','Can change code');
INSERT INTO "auth_permission" VALUES(43,11,'delete_code','Can delete code');
INSERT INTO "auth_permission" VALUES(44,11,'view_code','Can view code');
INSERT INTO "auth_permission" VALUES(45,12,'add_nonce','Can add nonce');
INSERT INTO "auth_permission" VALUES(46,12,'change_nonce','Can change nonce');
INSERT INTO "auth_permission" VALUES(47,12,'delete_nonce','Can delete nonce');
INSERT INTO "auth_permission" VALUES(48,12,'view_nonce','Can view nonce');
INSERT INTO "auth_permission" VALUES(49,13,'add_usersocialauth','Can add user social auth');
INSERT INTO "auth_permission" VALUES(50,13,'change_usersocialauth','Can change user social auth');
INSERT INTO "auth_permission" VALUES(51,13,'delete_usersocialauth','Can delete user social auth');
INSERT INTO "auth_permission" VALUES(52,13,'view_usersocialauth','Can view user social auth');
INSERT INTO "auth_permission" VALUES(53,14,'add_partial','Can add partial');
INSERT INTO "auth_permission" VALUES(54,14,'change_partial','Can change partial');
INSERT INTO "auth_permission" VALUES(55,14,'delete_partial','Can delete partial');
INSERT INTO "auth_permission" VALUES(56,14,'view_partial','Can view partial');
CREATE UNIQUE INDEX "auth_group_permissions_group_id_permission_id_0cd325b0_uniq" ON "auth_group_permissions" ("group_id", "permission_id");
CREATE INDEX IF NOT EXISTS "auth_group_permissions_group_id_b120cbf9" ON "auth_group_permissions" ("group_id");
CREATE INDEX IF NOT EXISTS "auth_group_permissions_permission_id_84c5c92e" ON "auth_group_permissions" ("permission_id");
CREATE UNIQUE INDEX "auth_user_groups_user_id_group_id_94350c0c_uniq" ON "auth_user_groups" ("user_id", "group_id");
CREATE INDEX IF NOT EXISTS "auth_user_groups_user_id_6a12ed8b" ON "auth_user_groups" ("user_id");
CREATE INDEX IF NOT EXISTS "auth_user_groups_group_id_97559544" ON "auth_user_groups" ("group_id");
CREATE UNIQUE INDEX "auth_user_user_permissions_user_id_permission_id_14a6b632_uniq" ON "auth_user_user_permissions" ("user_id", "permission_id");
CREATE INDEX IF NOT EXISTS "auth_user_user_permissions_user_id_a95ead1b" ON "auth_user_user_permissions" ("user_id");
CREATE INDEX IF NOT EXISTS "auth_user_user_permissions_permission_id_1fbb5f2c" ON "auth_user_user_permissions" ("permission_id");
CREATE INDEX IF NOT EXISTS "django_admin_log_content_type_id_c4bce8eb" ON "django_admin_log" ("content_type_id");
CREATE INDEX IF NOT EXISTS "django_admin_log_user_id_c564eba6" ON "django_admin_log" ("user_id");
CREATE UNIQUE INDEX "django_content_type_app_label_model_76bd3d3b_uniq" ON "django_content_type" ("app_label", "model");
CREATE UNIQUE INDEX "auth_permission_content_type_id_codename_01ab375a_uniq" ON "auth_permission" ("content_type_id", "codename");
CREATE INDEX IF NOT EXISTS "auth_permission_content_type_id_2f476e4b" ON "auth_permission" ("content_type_id");
CREATE INDEX IF NOT EXISTS "kmutnbtrackapp_person_user_id_94288e0f" ON "kmutnbtrackapp_person" ("user_id");
CREATE INDEX IF NOT EXISTS "kmutnbtrackapp_history_lab_id_1d8f06a2" ON "kmutnbtrackapp_history" ("lab_id");
CREATE INDEX IF NOT EXISTS "kmutnbtrackapp_history_person_id_80999c18" ON "kmutnbtrackapp_history" ("person_id");
CREATE INDEX IF NOT EXISTS "django_session_expire_date_a5c62663" ON "django_session" ("expire_date");
CREATE UNIQUE INDEX "social_auth_nonce_server_url_timestamp_salt_f6284463_uniq" ON "social_auth_nonce" ("server_url", "timestamp", "salt");
CREATE UNIQUE INDEX "social_auth_association_server_url_handle_078befa2_uniq" ON "social_auth_association" ("server_url", "handle");
CREATE UNIQUE INDEX "social_auth_code_email_code_801b2d02_uniq" ON "social_auth_code" ("email", "code");
CREATE INDEX IF NOT EXISTS "social_auth_code_code_a2393167" ON "social_auth_code" ("code");
CREATE INDEX IF NOT EXISTS "social_auth_code_timestamp_176b341f" ON "social_auth_code" ("timestamp");
CREATE INDEX IF NOT EXISTS "social_auth_partial_token_3017fea3" ON "social_auth_partial" ("token");
CREATE INDEX IF NOT EXISTS "social_auth_partial_timestamp_50f2119f" ON "social_auth_partial" ("timestamp");
CREATE UNIQUE INDEX "social_auth_usersocialauth_provider_uid_e6b5e668_uniq" ON "social_auth_usersocialauth" ("provider", "uid");
CREATE INDEX IF NOT EXISTS "social_auth_usersocialauth_user_id_17d28448" ON "social_auth_usersocialauth" ("user_id");
CREATE INDEX IF NOT EXISTS "social_auth_usersocialauth_uid_796e51dc" ON "social_auth_usersocialauth" ("uid");
CREATE TABLE IF NOT EXISTS "auth_user" ("id" integer NOT NULL PRIMARY KEY AUTOINCREMENT, "password" varchar(128) NOT NULL, "last_login" datetime NULL, "is_superuser" bool NOT NULL, "username" varchar(150) NOT NULL UNIQUE, "first_name" varchar(30) NOT NULL, "email" varchar(254) NOT NULL, "is_staff" bool NOT NULL, "is_active" bool NOT NULL, "date_joined" datetime NOT NULL, "last_name" varchar(150) NOT NULL);
INSERT INTO "auth_user" VALUES(1,'pbkdf2_sha256$180000$9wDka128UQX7$AccgWmIodkfncGKyhycN8BhcGOxaSWLKY9r8wLkUn44=','2020-06-20 12:44:55.197823',1,'admin','','',1,1,'2020-06-18 13:29:29','');
INSERT INTO "auth_user" VALUES(3,'pbkdf2_sha256$180000$AEj7Qs5AnjtB$vEbms4st2CsNcwLaNpPtLJL+21SbD9OLzoaQvEg1IDw=',NULL,0,'user1','ภาสกร','',0,1,'2020-06-18 15:21:30','แพรญาติ');
INSERT INTO "auth_user" VALUES(4,'pbkdf2_sha256$180000$eWIU5Ycs3YM6$cb9zhfHbFZGqm6hKF6E2e9bpc9WPOO8YKmM+B0/PVos=',NULL,0,'user2','จิรพัฒน์','',0,1,'2020-06-18 15:23:07','เจริญปัญญาปราชญ์');
INSERT INTO "auth_user" VALUES(5,'pbkdf2_sha256$180000$N9QraEecpyW1$niGkNYeBaXv5C610UBVgNFoEmg/SyD5QRcNJRuvOFYQ=',NULL,0,'user3','เดชมนต์','',0,1,'2020-06-18 15:24:07','แจ้งจิตต์');
INSERT INTO "auth_user" VALUES(6,'pbkdf2_sha256$180000$OpZo6waHjUWK$H1F+HcZ4/O2o6aHjJalXt86klCJQqcP40V423bwGMQc=',NULL,0,'user4','พิเชฐ','',0,1,'2020-06-18 15:24:44','พุ่มพฤกษ์');
INSERT INTO "auth_user" VALUES(7,'pbkdf2_sha256$180000$hVAjqzFt2ZeH$ffGob0IdThPEkO7axJnXQ8i9VbyHp1l252JTr72CBqI=',NULL,0,'user5','ภัคพงษ์','',0,1,'2020-06-18 15:25:14','รัตนภักดีคุณ');
INSERT INTO "auth_user" VALUES(8,'!06Gnb2KLPUVSk1eF64J0mmh7YHd8jvVYQKcknum2','2020-06-18 18:42:01.608647',0,'s6101012630135','ภาสกร','s6101012630135@email.kmutnb.ac.th',0,1,'2020-06-18 18:42:01.563683','แพรญาติ');
INSERT INTO "auth_user" VALUES(9,'pbkdf2_sha256$180000$O2nRJzTLUIBr$+ZRYmAJXBylGZFIhhC6yPAzVZ5uAbssaMPIxI9AcKsE=',NULL,0,'user6','สิริ','',0,1,'2020-06-20 12:58:21','กิจจาบริบูรณ์');
INSERT INTO "auth_user" VALUES(10,'pbkdf2_sha256$180000$VFa0OsW3iq8v$FRbijh4TGB4bnFz2KdtaooVm7qy1LglzctO5XNuW8CA=',NULL,0,'user7','ณัฐกฤตย์','',0,1,'2020-06-20 12:59:15','จตุภัทรดิษฐ์');
INSERT INTO "auth_user" VALUES(11,'pbkdf2_sha256$180000$8M9p76r2zCwC$zmlNKEOsw/wEp2fiARKG/CTfLBtbjqR44sgjpdNUKXA=',NULL,0,'user8','สุพรรษา','',0,1,'2020-06-20 12:59:58','ตัณฑุลเศรษฐ์');
INSERT INTO "auth_user" VALUES(12,'pbkdf2_sha256$180000$esN7v9E5uC5q$F1mHCcTk0peRiEiXiO+cNOEkfSgUKGWHRB6htx2C4tk=',NULL,0,'user9','วัชรวิทย์','',0,1,'2020-06-20 13:00:52','ประสาทไทย');
INSERT INTO "auth_user" VALUES(13,'pbkdf2_sha256$180000$4PxcCfCDKE37$CNRwf5ekglZebx2NKIr++s/sdQGP/RIapdUKJMAe0Bg=',NULL,0,'user10','ธีรภัทร','',0,1,'2020-06-20 13:01:21','ปรุงวัฒนากร');
INSERT INTO "auth_user" VALUES(14,'pbkdf2_sha256$180000$HABv1CqeK44R$AyIjWoUQjHEpMt4FosPF0Ae3cGFM4omCols/C2z60jE=','2020-06-20 17:55:24.772718',1,'0','','k@email.com',1,1,'2020-06-20 17:55:07.886927','');
CREATE UNIQUE INDEX "auth_group_permissions_group_id_permission_id_0cd325b0_uniq" ON "auth_group_permissions" ("group_id", "permission_id");
CREATE INDEX IF NOT EXISTS "auth_group_permissions_group_id_b120cbf9" ON "auth_group_permissions" ("group_id");
CREATE INDEX IF NOT EXISTS "auth_group_permissions_permission_id_84c5c92e" ON "auth_group_permissions" ("permission_id");
CREATE UNIQUE INDEX "auth_user_groups_user_id_group_id_94350c0c_uniq" ON "auth_user_groups" ("user_id", "group_id");
CREATE INDEX IF NOT EXISTS "auth_user_groups_user_id_6a12ed8b" ON "auth_user_groups" ("user_id");
CREATE INDEX IF NOT EXISTS "auth_user_groups_group_id_97559544" ON "auth_user_groups" ("group_id");
CREATE UNIQUE INDEX "auth_user_user_permissions_user_id_permission_id_14a6b632_uniq" ON "auth_user_user_permissions" ("user_id", "permission_id");
CREATE INDEX IF NOT EXISTS "auth_user_user_permissions_user_id_a95ead1b" ON "auth_user_user_permissions" ("user_id");
CREATE INDEX IF NOT EXISTS "auth_user_user_permissions_permission_id_1fbb5f2c" ON "auth_user_user_permissions" ("permission_id");
CREATE INDEX IF NOT EXISTS "django_admin_log_content_type_id_c4bce8eb" ON "django_admin_log" ("content_type_id");
CREATE INDEX IF NOT EXISTS "django_admin_log_user_id_c564eba6" ON "django_admin_log" ("user_id");
CREATE UNIQUE INDEX "django_content_type_app_label_model_76bd3d3b_uniq" ON "django_content_type" ("app_label", "model");
CREATE UNIQUE INDEX "auth_permission_content_type_id_codename_01ab375a_uniq" ON "auth_permission" ("content_type_id", "codename");
CREATE INDEX IF NOT EXISTS "auth_permission_content_type_id_2f476e4b" ON "auth_permission" ("content_type_id");
CREATE INDEX IF NOT EXISTS "kmutnbtrackapp_person_user_id_94288e0f" ON "kmutnbtrackapp_person" ("user_id");
CREATE INDEX IF NOT EXISTS "kmutnbtrackapp_history_lab_id_1d8f06a2" ON "kmutnbtrackapp_history" ("lab_id");
CREATE INDEX IF NOT EXISTS "kmutnbtrackapp_history_person_id_80999c18" ON "kmutnbtrackapp_history" ("person_id");
CREATE INDEX IF NOT EXISTS "django_session_expire_date_a5c62663" ON "django_session" ("expire_date");
CREATE UNIQUE INDEX "social_auth_nonce_server_url_timestamp_salt_f6284463_uniq" ON "social_auth_nonce" ("server_url", "timestamp", "salt");
CREATE UNIQUE INDEX "social_auth_association_server_url_handle_078befa2_uniq" ON "social_auth_association" ("server_url", "handle");
CREATE UNIQUE INDEX "social_auth_code_email_code_801b2d02_uniq" ON "social_auth_code" ("email", "code");
CREATE INDEX IF NOT EXISTS "social_auth_code_code_a2393167" ON "social_auth_code" ("code");
CREATE INDEX IF NOT EXISTS "social_auth_code_timestamp_176b341f" ON "social_auth_code" ("timestamp");
CREATE INDEX IF NOT EXISTS "social_auth_partial_token_3017fea3" ON "social_auth_partial" ("token");
CREATE INDEX IF NOT EXISTS "social_auth_partial_timestamp_50f2119f" ON "social_auth_partial" ("timestamp");
CREATE UNIQUE INDEX "social_auth_usersocialauth_provider_uid_e6b5e668_uniq" ON "social_auth_usersocialauth" ("provider", "uid");
CREATE INDEX IF NOT EXISTS "social_auth_usersocialauth_user_id_17d28448" ON "social_auth_usersocialauth" ("user_id");
CREATE INDEX IF NOT EXISTS "social_auth_usersocialauth_uid_796e51dc" ON "social_auth_usersocialauth" ("uid");
CREATE TABLE IF NOT EXISTS "auth_user_groups" ("id" integer NOT NULL PRIMARY KEY AUTOINCREMENT, "user_id" integer NOT NULL REFERENCES "auth_user" ("id") DEFERRABLE INITIALLY DEFERRED, "group_id" integer NOT NULL REFERENCES "auth_group" ("id") DEFERRABLE INITIALLY DEFERRED);
CREATE UNIQUE INDEX "auth_group_permissions_group_id_permission_id_0cd325b0_uniq" ON "auth_group_permissions" ("group_id", "permission_id");
CREATE INDEX IF NOT EXISTS "auth_group_permissions_group_id_b120cbf9" ON "auth_group_permissions" ("group_id");
CREATE INDEX IF NOT EXISTS "auth_group_permissions_permission_id_84c5c92e" ON "auth_group_permissions" ("permission_id");
CREATE UNIQUE INDEX "auth_user_groups_user_id_group_id_94350c0c_uniq" ON "auth_user_groups" ("user_id", "group_id");
CREATE INDEX IF NOT EXISTS "auth_user_groups_user_id_6a12ed8b" ON "auth_user_groups" ("user_id");
CREATE INDEX IF NOT EXISTS "auth_user_groups_group_id_97559544" ON "auth_user_groups" ("group_id");
CREATE UNIQUE INDEX "auth_user_user_permissions_user_id_permission_id_14a6b632_uniq" ON "auth_user_user_permissions" ("user_id", "permission_id");
CREATE INDEX IF NOT EXISTS "auth_user_user_permissions_user_id_a95ead1b" ON "auth_user_user_permissions" ("user_id");
CREATE INDEX IF NOT EXISTS "auth_user_user_permissions_permission_id_1fbb5f2c" ON "auth_user_user_permissions" ("permission_id");
CREATE INDEX IF NOT EXISTS "django_admin_log_content_type_id_c4bce8eb" ON "django_admin_log" ("content_type_id");
CREATE INDEX IF NOT EXISTS "django_admin_log_user_id_c564eba6" ON "django_admin_log" ("user_id");
CREATE UNIQUE INDEX "django_content_type_app_label_model_76bd3d3b_uniq" ON "django_content_type" ("app_label", "model");
CREATE UNIQUE INDEX "auth_permission_content_type_id_codename_01ab375a_uniq" ON "auth_permission" ("content_type_id", "codename");
CREATE INDEX IF NOT EXISTS "auth_permission_content_type_id_2f476e4b" ON "auth_permission" ("content_type_id");
CREATE INDEX IF NOT EXISTS "kmutnbtrackapp_person_user_id_94288e0f" ON "kmutnbtrackapp_person" ("user_id");
CREATE INDEX IF NOT EXISTS "kmutnbtrackapp_history_lab_id_1d8f06a2" ON "kmutnbtrackapp_history" ("lab_id");
CREATE INDEX IF NOT EXISTS "kmutnbtrackapp_history_person_id_80999c18" ON "kmutnbtrackapp_history" ("person_id");
CREATE INDEX IF NOT EXISTS "django_session_expire_date_a5c62663" ON "django_session" ("expire_date");
CREATE UNIQUE INDEX "social_auth_nonce_server_url_timestamp_salt_f6284463_uniq" ON "social_auth_nonce" ("server_url", "timestamp", "salt");
CREATE UNIQUE INDEX "social_auth_association_server_url_handle_078befa2_uniq" ON "social_auth_association" ("server_url", "handle");
CREATE UNIQUE INDEX "social_auth_code_email_code_801b2d02_uniq" ON "social_auth_code" ("email", "code");
CREATE INDEX IF NOT EXISTS "social_auth_code_code_a2393167" ON "social_auth_code" ("code");
CREATE INDEX IF NOT EXISTS "social_auth_code_timestamp_176b341f" ON "social_auth_code" ("timestamp");
CREATE INDEX IF NOT EXISTS "social_auth_partial_token_3017fea3" ON "social_auth_partial" ("token");
CREATE INDEX IF NOT EXISTS "social_auth_partial_timestamp_50f2119f" ON "social_auth_partial" ("timestamp");
CREATE UNIQUE INDEX "social_auth_usersocialauth_provider_uid_e6b5e668_uniq" ON "social_auth_usersocialauth" ("provider", "uid");
CREATE INDEX IF NOT EXISTS "social_auth_usersocialauth_user_id_17d28448" ON "social_auth_usersocialauth" ("user_id");
CREATE INDEX IF NOT EXISTS "social_auth_usersocialauth_uid_796e51dc" ON "social_auth_usersocialauth" ("uid");
CREATE TABLE IF NOT EXISTS "auth_user_user_permissions" ("id" integer NOT NULL PRIMARY KEY AUTOINCREMENT, "user_id" integer NOT NULL REFERENCES "auth_user" ("id") DEFERRABLE INITIALLY DEFERRED, "permission_id" integer NOT NULL REFERENCES "auth_permission" ("id") DEFERRABLE INITIALLY DEFERRED);
CREATE UNIQUE INDEX "auth_group_permissions_group_id_permission_id_0cd325b0_uniq" ON "auth_group_permissions" ("group_id", "permission_id");
CREATE INDEX IF NOT EXISTS "auth_group_permissions_group_id_b120cbf9" ON "auth_group_permissions" ("group_id");
CREATE INDEX IF NOT EXISTS "auth_group_permissions_permission_id_84c5c92e" ON "auth_group_permissions" ("permission_id");
CREATE UNIQUE INDEX "auth_user_groups_user_id_group_id_94350c0c_uniq" ON "auth_user_groups" ("user_id", "group_id");
CREATE INDEX IF NOT EXISTS "auth_user_groups_user_id_6a12ed8b" ON "auth_user_groups" ("user_id");
CREATE INDEX IF NOT EXISTS "auth_user_groups_group_id_97559544" ON "auth_user_groups" ("group_id");
CREATE UNIQUE INDEX "auth_user_user_permissions_user_id_permission_id_14a6b632_uniq" ON "auth_user_user_permissions" ("user_id", "permission_id");
CREATE INDEX IF NOT EXISTS "auth_user_user_permissions_user_id_a95ead1b" ON "auth_user_user_permissions" ("user_id");
CREATE INDEX IF NOT EXISTS "auth_user_user_permissions_permission_id_1fbb5f2c" ON "auth_user_user_permissions" ("permission_id");
CREATE INDEX IF NOT EXISTS "django_admin_log_content_type_id_c4bce8eb" ON "django_admin_log" ("content_type_id");
CREATE INDEX IF NOT EXISTS "django_admin_log_user_id_c564eba6" ON "django_admin_log" ("user_id");
CREATE UNIQUE INDEX "django_content_type_app_label_model_76bd3d3b_uniq" ON "django_content_type" ("app_label", "model");
CREATE UNIQUE INDEX "auth_permission_content_type_id_codename_01ab375a_uniq" ON "auth_permission" ("content_type_id", "codename");
CREATE INDEX IF NOT EXISTS "auth_permission_content_type_id_2f476e4b" ON "auth_permission" ("content_type_id");
CREATE INDEX IF NOT EXISTS "kmutnbtrackapp_person_user_id_94288e0f" ON "kmutnbtrackapp_person" ("user_id");
CREATE INDEX IF NOT EXISTS "kmutnbtrackapp_history_lab_id_1d8f06a2" ON "kmutnbtrackapp_history" ("lab_id");
CREATE INDEX IF NOT EXISTS "kmutnbtrackapp_history_person_id_80999c18" ON "kmutnbtrackapp_history" ("person_id");
CREATE INDEX IF NOT EXISTS "django_session_expire_date_a5c62663" ON "django_session" ("expire_date");
CREATE UNIQUE INDEX "social_auth_nonce_server_url_timestamp_salt_f6284463_uniq" ON "social_auth_nonce" ("server_url", "timestamp", "salt");
CREATE UNIQUE INDEX "social_auth_association_server_url_handle_078befa2_uniq" ON "social_auth_association" ("server_url", "handle");
CREATE UNIQUE INDEX "social_auth_code_email_code_801b2d02_uniq" ON "social_auth_code" ("email", "code");
CREATE INDEX IF NOT EXISTS "social_auth_code_code_a2393167" ON "social_auth_code" ("code");
CREATE INDEX IF NOT EXISTS "social_auth_code_timestamp_176b341f" ON "social_auth_code" ("timestamp");
CREATE INDEX IF NOT EXISTS "social_auth_partial_token_3017fea3" ON "social_auth_partial" ("token");
CREATE INDEX IF NOT EXISTS "social_auth_partial_timestamp_50f2119f" ON "social_auth_partial" ("timestamp");
CREATE UNIQUE INDEX "social_auth_usersocialauth_provider_uid_e6b5e668_uniq" ON "social_auth_usersocialauth" ("provider", "uid");
CREATE INDEX IF NOT EXISTS "social_auth_usersocialauth_user_id_17d28448" ON "social_auth_usersocialauth" ("user_id");
CREATE INDEX IF NOT EXISTS "social_auth_usersocialauth_uid_796e51dc" ON "social_auth_usersocialauth" ("uid");
CREATE TABLE IF NOT EXISTS "django_admin_log" ("id" integer NOT NULL PRIMARY KEY AUTOINCREMENT, "action_time" datetime NOT NULL, "object_id" text NULL, "object_repr" varchar(200) NOT NULL, "change_message" text NOT NULL, "content_type_id" integer NULL REFERENCES "django_content_type" ("id") DEFERRABLE INITIALLY DEFERRED, "user_id" integer NOT NULL REFERENCES "auth_user" ("id") DEFERRABLE INITIALLY DEFERRED, "action_flag" smallint unsigned NOT NULL CHECK ("action_flag" >= 0));
INSERT INTO "django_admin_log" VALUES(1,'2020-06-18 13:29:57.358428','2357200327','Com','[{"added": {}}]',1,1,1);
INSERT INTO "django_admin_log" VALUES(2,'2020-06-18 13:30:49.543239','3944436670','Phy','[{"added": {}}]',1,1,1);
INSERT INTO "django_admin_log" VALUES(3,'2020-06-18 15:13:00.841090','3944436670','Phy','',1,1,3);
INSERT INTO "django_admin_log" VALUES(4,'2020-06-18 15:13:00.848087','2357200327','Com','',1,1,3);
INSERT INTO "django_admin_log" VALUES(5,'2020-06-18 15:17:39.984709','2','s6101012630135','',7,1,3);
INSERT INTO "django_admin_log" VALUES(6,'2020-06-18 15:17:47.730073','1','admin','[{"changed": {"fields": ["Username"]}}]',7,1,2);
INSERT INTO "django_admin_log" VALUES(7,'2020-06-18 15:21:30.970040','3','user1','[{"added": {}}]',7,1,1);
INSERT INTO "django_admin_log" VALUES(8,'2020-06-18 15:21:58.838223','3','user1','[{"changed": {"fields": ["First name", "Last name"]}}]',7,1,2);
INSERT INTO "django_admin_log" VALUES(9,'2020-06-18 15:22:38.002996','3','user1','[{"changed": {"fields": ["Email address"]}}]',7,1,2);
INSERT INTO "django_admin_log" VALUES(10,'2020-06-18 15:23:07.578594','4','user2','[{"added": {}}]',7,1,1);
INSERT INTO "django_admin_log" VALUES(11,'2020-06-18 15:23:48.157810','4','user2','[{"changed": {"fields": ["First name", "Last name"]}}]',7,1,2);
INSERT INTO "django_admin_log" VALUES(12,'2020-06-18 15:24:07.989738','5','user3','[{"added": {}}]',7,1,1);
INSERT INTO "django_admin_log" VALUES(13,'2020-06-18 15:24:28.601470','5','user3','[{"changed": {"fields": ["First name", "Last name"]}}]',7,1,2);
INSERT INTO "django_admin_log" VALUES(14,'2020-06-18 15:24:44.845514','6','user4','[{"added": {}}]',7,1,1);
INSERT INTO "django_admin_log" VALUES(15,'2020-06-18 15:24:59.618776','6','user4','[{"changed": {"fields": ["First name", "Last name"]}}]',7,1,2);
INSERT INTO "django_admin_log" VALUES(16,'2020-06-18 15:25:14.832840','7','user5','[{"added": {}}]',7,1,1);
INSERT INTO "django_admin_log" VALUES(17,'2020-06-18 15:25:26.298146','7','user5','[{"changed": {"fields": ["First name", "Last name"]}}]',7,1,2);
INSERT INTO "django_admin_log" VALUES(18,'2020-06-18 15:26:40.128536','2','ภาสกร แพรญาติ','[{"added": {}}]',2,1,1);
INSERT INTO "django_admin_log" VALUES(19,'2020-06-18 15:27:10.736297','3','จิรพัฒน์ เจริญปัญญาปราชญ์','[{"added": {}}]',2,1,1);
INSERT INTO "django_admin_log" VALUES(20,'2020-06-18 15:27:26.527361','3','จิรพัฒน์ เจริญปัญญาปราชญ์','[{"changed": {"fields": ["Is student"]}}]',2,1,2);
INSERT INTO "django_admin_log" VALUES(21,'2020-06-18 15:27:44.974703','4','เดชมนต์ แจ้งจิตต์','[{"added": {}}]',2,1,1);
INSERT INTO "django_admin_log" VALUES(22,'2020-06-18 15:28:12.014906','5','พิเชฐ พุ่มพฤกษ์','[{"added": {}}]',2,1,1);
INSERT INTO "django_admin_log" VALUES(23,'2020-06-18 15:28:37.455106','6','ภัคพงษ์ รัตนภักดีคุณ','[{"added": {}}]',2,1,1);
INSERT INTO "django_admin_log" VALUES(24,'2020-06-18 15:31:10.301511','3485258041','Computer Lab','[{"added": {}}]',1,1,1);
INSERT INTO "django_admin_log" VALUES(25,'2020-06-18 15:31:19.091266','3969989332','Physics Lab','[{"added": {}}]',1,1,1);
INSERT INTO "django_admin_log" VALUES(26,'2020-06-18 15:32:40.562445','4','Computer Lab','[{"added": {}}]',3,1,1);
INSERT INTO "django_admin_log" VALUES(27,'2020-06-18 15:33:01.214816','4','Computer Lab','[{"changed": {"fields": ["Checkout"]}}]',3,1,2);
INSERT INTO "django_admin_log" VALUES(28,'2020-06-17 02:00:20.906160','4','Computer Lab','',3,1,3);
INSERT INTO "django_admin_log" VALUES(29,'2020-06-17 02:00:35.004536','5','Computer Lab','[{"added": {}}]',3,1,1);
INSERT INTO "django_admin_log" VALUES(30,'2020-06-17 02:00:55.673453','6','Computer Lab','[{"added": {}}]',3,1,1);
INSERT INTO "django_admin_log" VALUES(31,'2020-06-17 02:01:31.583774','7','Physics Lab','[{"added": {}}]',3,1,1);
INSERT INTO "django_admin_log" VALUES(32,'2020-06-17 06:05:59.824386','8','Physics Lab','[{"added": {}}]',3,1,1);
INSERT INTO "django_admin_log" VALUES(33,'2020-06-17 06:06:34.041236','9','Computer Lab','[{"added": {}}]',3,1,1);
INSERT INTO "django_admin_log" VALUES(34,'2020-06-18 15:47:01.079253','3','user1','[{"changed": {"fields": ["Email address"]}}]',7,1,2);
INSERT INTO "django_admin_log" VALUES(35,'2020-06-18 16:19:02.417601','3314977837','Circuit','[{"added": {}}]',1,1,1);
INSERT INTO "django_admin_log" VALUES(36,'2020-06-18 16:19:14.711043','3314977837','Circuit','',1,1,3);
INSERT INTO "django_admin_log" VALUES(37,'2020-06-18 16:39:52.269290','187872210','Circuit Lab','[{"added": {}}]',1,1,1);
INSERT INTO "django_admin_log" VALUES(38,'2020-06-17 02:08:50.443586','10','Computer Lab','[{"added": {}}]',3,1,1);
INSERT INTO "django_admin_log" VALUES(39,'2020-06-18 02:10:01.685599','11','Circuit Lab','[{"added": {}}]',3,1,1);
INSERT INTO "django_admin_log" VALUES(40,'2020-06-18 06:10:34.198323','12','Physics Lab','[{"added": {}}]',3,1,1);
INSERT INTO "django_admin_log" VALUES(41,'2020-06-18 06:11:46.740677','13','Computer Lab','[{"added": {}}]',3,1,1);
INSERT INTO "django_admin_log" VALUES(42,'2020-06-18 02:03:36.281816','14','Physics Lab','[{"added": {}}]',3,1,1);
INSERT INTO "django_admin_log" VALUES(43,'2020-06-18 02:04:13.816716','15','Computer Lab','[{"added": {}}]',3,1,1);
INSERT INTO "django_admin_log" VALUES(44,'2020-06-18 02:04:36.543127','16','Computer Lab','[{"added": {}}]',3,1,1);
INSERT INTO "django_admin_log" VALUES(45,'2020-06-20 12:58:21.826695','9','user6','[{"added": {}}]',7,1,1);
INSERT INTO "django_admin_log" VALUES(46,'2020-06-20 12:58:50.502908','9','user6','[{"changed": {"fields": ["First name", "Last name", "Email address"]}}]',7,1,2);
INSERT INTO "django_admin_log" VALUES(47,'2020-06-20 12:59:16.202500','10','user7','[{"added": {}}]',7,1,1);
INSERT INTO "django_admin_log" VALUES(48,'2020-06-20 12:59:40.799365','10','user7','[{"changed": {"fields": ["First name", "Last name", "Email address"]}}]',7,1,2);
INSERT INTO "django_admin_log" VALUES(49,'2020-06-20 12:59:58.754533','11','user8','[{"added": {}}]',7,1,1);
INSERT INTO "django_admin_log" VALUES(50,'2020-06-20 13:00:17.506663','11','user8','[{"changed": {"fields": ["First name", "Last name", "Email address"]}}]',7,1,2);
INSERT INTO "django_admin_log" VALUES(51,'2020-06-20 13:00:53.134033','12','user9','[{"added": {}}]',7,1,1);
INSERT INTO "django_admin_log" VALUES(52,'2020-06-20 13:01:09.550600','12','user9','[{"changed": {"fields": ["First name", "Last name", "Email address"]}}]',7,1,2);
INSERT INTO "django_admin_log" VALUES(53,'2020-06-20 13:01:21.619269','13','user10','[{"added": {}}]',7,1,1);
INSERT INTO "django_admin_log" VALUES(54,'2020-06-20 13:01:39.195674','13','user10','[{"changed": {"fields": ["First name", "Last name", "Email address"]}}]',7,1,2);
INSERT INTO "django_admin_log" VALUES(55,'2020-06-20 13:02:20.589249','8','สิริ กิจจาบริบูรณ์','[{"added": {}}]',2,1,1);
INSERT INTO "django_admin_log" VALUES(56,'2020-06-20 13:02:56.282238','9','ณัฐกฤตย์ จตุภัทรดิษฐ์','[{"added": {}}]',2,1,1);
INSERT INTO "django_admin_log" VALUES(57,'2020-06-20 13:03:28.613270','10','สุพรรษา ตัณฑุลเศรษฐ์','[{"added": {}}]',2,1,1);
INSERT INTO "django_admin_log" VALUES(58,'2020-06-20 13:03:43.283471','11','วัชรวิทย์ ประสาทไทย','[{"added": {}}]',2,1,1);
INSERT INTO "django_admin_log" VALUES(59,'2020-06-20 13:04:00.139417','12','ธีรภัทร ปรุงวัฒนากร','[{"added": {}}]',2,1,1);
INSERT INTO "django_admin_log" VALUES(60,'2020-06-17 02:04:40.260169','17','Computer Lab','[{"added": {}}]',3,1,1);
INSERT INTO "django_admin_log" VALUES(61,'2020-06-17 02:05:11.985938','18','Computer Lab','[{"added": {}}]',3,1,1);
INSERT INTO "django_admin_log" VALUES(62,'2020-06-17 02:05:23.067855','19','Computer Lab','[{"added": {}}]',3,1,1);
INSERT INTO "django_admin_log" VALUES(63,'2020-06-17 02:05:35.255251','20','Computer Lab','[{"added": {}}]',3,1,1);
INSERT INTO "django_admin_log" VALUES(64,'2020-06-17 02:05:43.805440','21','Computer Lab','[{"added": {}}]',3,1,1);
INSERT INTO "django_admin_log" VALUES(65,'2020-06-17 06:07:37.279371','22','Physics Lab','[{"added": {}}]',3,1,1);
INSERT INTO "django_admin_log" VALUES(66,'2020-06-17 06:08:17.152026','23','Physics Lab','[{"added": {}}]',3,1,1);
INSERT INTO "django_admin_log" VALUES(67,'2020-06-17 06:08:25.864680','24','Circuit Lab','[{"added": {}}]',3,1,1);
INSERT INTO "django_admin_log" VALUES(68,'2020-06-17 06:08:33.788090','25','Physics Lab','[{"added": {}}]',3,1,1);
INSERT INTO "django_admin_log" VALUES(69,'2020-06-17 06:08:42.167319','26','Physics Lab','[{"added": {}}]',3,1,1);
INSERT INTO "django_admin_log" VALUES(70,'2020-06-18 02:09:27.330659','27','Circuit Lab','[{"added": {}}]',3,1,1);
INSERT INTO "django_admin_log" VALUES(71,'2020-06-18 02:09:39.410417','28','Circuit Lab','[{"added": {}}]',3,1,1);
INSERT INTO "django_admin_log" VALUES(72,'2020-06-18 02:13:15.248946','29','Circuit Lab','[{"added": {}}]',3,1,1);
INSERT INTO "django_admin_log" VALUES(73,'2020-06-18 02:13:24.653916','30','Physics Lab','[{"added": {}}]',3,1,1);
INSERT INTO "django_admin_log" VALUES(74,'2020-06-18 02:13:34.267917','31','Computer Lab','[{"added": {}}]',3,1,1);
INSERT INTO "django_admin_log" VALUES(75,'2020-06-20 14:48:45.944191','13','user10','[{"changed": {"fields": ["Email address"]}}]',7,1,2);
INSERT INTO "django_admin_log" VALUES(76,'2020-06-20 14:48:53.802193','9','user6','[{"changed": {"fields": ["Email address"]}}]',7,1,2);
INSERT INTO "django_admin_log" VALUES(77,'2020-06-20 14:49:00.348992','10','user7','[{"changed": {"fields": ["Email address"]}}]',7,1,2);
INSERT INTO "django_admin_log" VALUES(78,'2020-06-20 14:49:05.098291','11','user8','[{"changed": {"fields": ["Email address"]}}]',7,1,2);
INSERT INTO "django_admin_log" VALUES(79,'2020-06-20 14:49:09.699325','12','user9','[{"changed": {"fields": ["Email address"]}}]',7,1,2);
INSERT INTO "django_admin_log" VALUES(80,'2020-06-20 14:49:48.661210','7','ภาสกร แพรญาติ','',2,1,3);
INSERT INTO "django_admin_log" VALUES(81,'2020-06-20 14:50:02.965114','8','สิริ กิจจาบริบูรณ์','[{"changed": {"fields": ["Email"]}}]',2,1,2);
INSERT INTO "django_admin_log" VALUES(82,'2020-06-20 14:50:11.681911','10','สุพรรษา ตัณฑุลเศรษฐ์','[{"changed": {"fields": ["Email"]}}]',2,1,2);
INSERT INTO "django_admin_log" VALUES(83,'2020-06-20 14:50:16.193875','11','วัชรวิทย์ ประสาทไทย','[{"changed": {"fields": ["Email"]}}]',2,1,2);
INSERT INTO "django_admin_log" VALUES(84,'2020-06-20 14:50:19.409761','12','ธีรภัทร ปรุงวัฒนากร','[{"changed": {"fields": ["Email"]}}]',2,1,2);
CREATE UNIQUE INDEX "auth_group_permissions_group_id_permission_id_0cd325b0_uniq" ON "auth_group_permissions" ("group_id", "permission_id");
CREATE INDEX IF NOT EXISTS "auth_group_permissions_group_id_b120cbf9" ON "auth_group_permissions" ("group_id");
CREATE INDEX IF NOT EXISTS "auth_group_permissions_permission_id_84c5c92e" ON "auth_group_permissions" ("permission_id");
CREATE UNIQUE INDEX "auth_user_groups_user_id_group_id_94350c0c_uniq" ON "auth_user_groups" ("user_id", "group_id");
CREATE INDEX IF NOT EXISTS "auth_user_groups_user_id_6a12ed8b" ON "auth_user_groups" ("user_id");
CREATE INDEX IF NOT EXISTS "auth_user_groups_group_id_97559544" ON "auth_user_groups" ("group_id");
CREATE UNIQUE INDEX "auth_user_user_permissions_user_id_permission_id_14a6b632_uniq" ON "auth_user_user_permissions" ("user_id", "permission_id");
CREATE INDEX IF NOT EXISTS "auth_user_user_permissions_user_id_a95ead1b" ON "auth_user_user_permissions" ("user_id");
CREATE INDEX IF NOT EXISTS "auth_user_user_permissions_permission_id_1fbb5f2c" ON "auth_user_user_permissions" ("permission_id");
CREATE INDEX IF NOT EXISTS "django_admin_log_content_type_id_c4bce8eb" ON "django_admin_log" ("content_type_id");
CREATE INDEX IF NOT EXISTS "django_admin_log_user_id_c564eba6" ON "django_admin_log" ("user_id");
CREATE UNIQUE INDEX "django_content_type_app_label_model_76bd3d3b_uniq" ON "django_content_type" ("app_label", "model");
CREATE UNIQUE INDEX "auth_permission_content_type_id_codename_01ab375a_uniq" ON "auth_permission" ("content_type_id", "codename");
CREATE INDEX IF NOT EXISTS "auth_permission_content_type_id_2f476e4b" ON "auth_permission" ("content_type_id");
CREATE INDEX IF NOT EXISTS "kmutnbtrackapp_person_user_id_94288e0f" ON "kmutnbtrackapp_person" ("user_id");
CREATE INDEX IF NOT EXISTS "kmutnbtrackapp_history_lab_id_1d8f06a2" ON "kmutnbtrackapp_history" ("lab_id");
CREATE INDEX IF NOT EXISTS "kmutnbtrackapp_history_person_id_80999c18" ON "kmutnbtrackapp_history" ("person_id");
CREATE INDEX IF NOT EXISTS "django_session_expire_date_a5c62663" ON "django_session" ("expire_date");
CREATE UNIQUE INDEX "social_auth_nonce_server_url_timestamp_salt_f6284463_uniq" ON "social_auth_nonce" ("server_url", "timestamp", "salt");
CREATE UNIQUE INDEX "social_auth_association_server_url_handle_078befa2_uniq" ON "social_auth_association" ("server_url", "handle");
CREATE UNIQUE INDEX "social_auth_code_email_code_801b2d02_uniq" ON "social_auth_code" ("email", "code");
CREATE INDEX IF NOT EXISTS "social_auth_code_code_a2393167" ON "social_auth_code" ("code");
CREATE INDEX IF NOT EXISTS "social_auth_code_timestamp_176b341f" ON "social_auth_code" ("timestamp");
CREATE INDEX IF NOT EXISTS "social_auth_partial_token_3017fea3" ON "social_auth_partial" ("token");
CREATE INDEX IF NOT EXISTS "social_auth_partial_timestamp_50f2119f" ON "social_auth_partial" ("timestamp");
CREATE UNIQUE INDEX "social_auth_usersocialauth_provider_uid_e6b5e668_uniq" ON "social_auth_usersocialauth" ("provider", "uid");
CREATE INDEX IF NOT EXISTS "social_auth_usersocialauth_user_id_17d28448" ON "social_auth_usersocialauth" ("user_id");
CREATE INDEX IF NOT EXISTS "social_auth_usersocialauth_uid_796e51dc" ON "social_auth_usersocialauth" ("uid");
CREATE TABLE IF NOT EXISTS "django_content_type" ("id" integer NOT NULL PRIMARY KEY AUTOINCREMENT, "app_label" varchar(100) NOT NULL, "model" varchar(100) NOT NULL);
INSERT INTO "django_content_type" VALUES(1,'kmutnbtrackapp','lab');
INSERT INTO "django_content_type" VALUES(2,'kmutnbtrackapp','person');
INSERT INTO "django_content_type" VALUES(3,'kmutnbtrackapp','history');
INSERT INTO "django_content_type" VALUES(4,'admin','logentry');
INSERT INTO "django_content_type" VALUES(5,'auth','permission');
INSERT INTO "django_content_type" VALUES(6,'auth','group');
INSERT INTO "django_content_type" VALUES(7,'auth','user');
INSERT INTO "django_content_type" VALUES(8,'contenttypes','contenttype');
INSERT INTO "django_content_type" VALUES(9,'sessions','session');
INSERT INTO "django_content_type" VALUES(10,'social_django','association');
INSERT INTO "django_content_type" VALUES(11,'social_django','code');
INSERT INTO "django_content_type" VALUES(12,'social_django','nonce');
INSERT INTO "django_content_type" VALUES(13,'social_django','usersocialauth');
INSERT INTO "django_content_type" VALUES(14,'social_django','partial');
CREATE UNIQUE INDEX "auth_group_permissions_group_id_permission_id_0cd325b0_uniq" ON "auth_group_permissions" ("group_id", "permission_id");
CREATE INDEX IF NOT EXISTS "auth_group_permissions_group_id_b120cbf9" ON "auth_group_permissions" ("group_id");
CREATE INDEX IF NOT EXISTS "auth_group_permissions_permission_id_84c5c92e" ON "auth_group_permissions" ("permission_id");
CREATE UNIQUE INDEX "auth_user_groups_user_id_group_id_94350c0c_uniq" ON "auth_user_groups" ("user_id", "group_id");
CREATE INDEX IF NOT EXISTS "auth_user_groups_user_id_6a12ed8b" ON "auth_user_groups" ("user_id");
CREATE INDEX IF NOT EXISTS "auth_user_groups_group_id_97559544" ON "auth_user_groups" ("group_id");
CREATE UNIQUE INDEX "auth_user_user_permissions_user_id_permission_id_14a6b632_uniq" ON "auth_user_user_permissions" ("user_id", "permission_id");
CREATE INDEX IF NOT EXISTS "auth_user_user_permissions_user_id_a95ead1b" ON "auth_user_user_permissions" ("user_id");
CREATE INDEX IF NOT EXISTS "auth_user_user_permissions_permission_id_1fbb5f2c" ON "auth_user_user_permissions" ("permission_id");
CREATE INDEX IF NOT EXISTS "django_admin_log_content_type_id_c4bce8eb" ON "django_admin_log" ("content_type_id");
CREATE INDEX IF NOT EXISTS "django_admin_log_user_id_c564eba6" ON "django_admin_log" ("user_id");
CREATE UNIQUE INDEX "django_content_type_app_label_model_76bd3d3b_uniq" ON "django_content_type" ("app_label", "model");
CREATE UNIQUE INDEX "auth_permission_content_type_id_codename_01ab375a_uniq" ON "auth_permission" ("content_type_id", "codename");
CREATE INDEX IF NOT EXISTS "auth_permission_content_type_id_2f476e4b" ON "auth_permission" ("content_type_id");
CREATE INDEX IF NOT EXISTS "kmutnbtrackapp_person_user_id_94288e0f" ON "kmutnbtrackapp_person" ("user_id");
CREATE INDEX IF NOT EXISTS "kmutnbtrackapp_history_lab_id_1d8f06a2" ON "kmutnbtrackapp_history" ("lab_id");
CREATE INDEX IF NOT EXISTS "kmutnbtrackapp_history_person_id_80999c18" ON "kmutnbtrackapp_history" ("person_id");
CREATE INDEX IF NOT EXISTS "django_session_expire_date_a5c62663" ON "django_session" ("expire_date");
CREATE UNIQUE INDEX "social_auth_nonce_server_url_timestamp_salt_f6284463_uniq" ON "social_auth_nonce" ("server_url", "timestamp", "salt");
CREATE UNIQUE INDEX "social_auth_association_server_url_handle_078befa2_uniq" ON "social_auth_association" ("server_url", "handle");
CREATE UNIQUE INDEX "social_auth_code_email_code_801b2d02_uniq" ON "social_auth_code" ("email", "code");
CREATE INDEX IF NOT EXISTS "social_auth_code_code_a2393167" ON "social_auth_code" ("code");
CREATE INDEX IF NOT EXISTS "social_auth_code_timestamp_176b341f" ON "social_auth_code" ("timestamp");
CREATE INDEX IF NOT EXISTS "social_auth_partial_token_3017fea3" ON "social_auth_partial" ("token");
CREATE INDEX IF NOT EXISTS "social_auth_partial_timestamp_50f2119f" ON "social_auth_partial" ("timestamp");
CREATE UNIQUE INDEX "social_auth_usersocialauth_provider_uid_e6b5e668_uniq" ON "social_auth_usersocialauth" ("provider", "uid");
CREATE INDEX IF NOT EXISTS "social_auth_usersocialauth_user_id_17d28448" ON "social_auth_usersocialauth" ("user_id");
CREATE INDEX IF NOT EXISTS "social_auth_usersocialauth_uid_796e51dc" ON "social_auth_usersocialauth" ("uid");
CREATE TABLE IF NOT EXISTS "django_migrations" ("id" integer NOT NULL PRIMARY KEY AUTOINCREMENT, "app" varchar(255) NOT NULL, "name" varchar(255) NOT NULL, "applied" datetime NOT NULL);
INSERT INTO "django_migrations" VALUES(1,'contenttypes','0001_initial','2020-06-18 13:29:15.796221');
INSERT INTO "django_migrations" VALUES(2,'auth','0001_initial','2020-06-18 13:29:15.821212');
INSERT INTO "django_migrations" VALUES(3,'admin','0001_initial','2020-06-18 13:29:15.841211');
INSERT INTO "django_migrations" VALUES(4,'admin','0002_logentry_remove_auto_add','2020-06-18 13:29:15.861201');
INSERT INTO "django_migrations" VALUES(5,'admin','0003_logentry_add_action_flag_choices','2020-06-18 13:29:15.885190');
INSERT INTO "django_migrations" VALUES(6,'contenttypes','0002_remove_content_type_name','2020-06-18 13:29:15.913171');
INSERT INTO "django_migrations" VALUES(7,'auth','0002_alter_permission_name_max_length','2020-06-18 13:29:15.927163');
INSERT INTO "django_migrations" VALUES(8,'auth','0003_alter_user_email_max_length','2020-06-18 13:29:15.947151');
INSERT INTO "django_migrations" VALUES(9,'auth','0004_alter_user_username_opts','2020-06-18 13:29:15.965142');
INSERT INTO "django_migrations" VALUES(10,'auth','0005_alter_user_last_login_null','2020-06-18 13:29:15.984173');
INSERT INTO "django_migrations" VALUES(11,'auth','0006_require_contenttypes_0002','2020-06-18 13:29:15.992198');
INSERT INTO "django_migrations" VALUES(12,'auth','0007_alter_validators_add_error_messages','2020-06-18 13:29:16.012196');
INSERT INTO "django_migrations" VALUES(13,'auth','0008_alter_user_username_max_length','2020-06-18 13:29:16.032190');
INSERT INTO "django_migrations" VALUES(14,'auth','0009_alter_user_last_name_max_length','2020-06-18 13:29:16.050236');
INSERT INTO "django_migrations" VALUES(15,'auth','0010_alter_group_name_max_length','2020-06-18 13:29:16.065228');
INSERT INTO "django_migrations" VALUES(16,'auth','0011_update_proxy_permissions','2020-06-18 13:29:16.079220');
INSERT INTO "django_migrations" VALUES(17,'kmutnbtrackapp','0001_initial','2020-06-18 13:29:16.108332');
INSERT INTO "django_migrations" VALUES(18,'sessions','0001_initial','2020-06-18 13:29:16.119313');
INSERT INTO "django_migrations" VALUES(19,'default','0001_initial','2020-06-18 13:29:16.157305');
INSERT INTO "django_migrations" VALUES(20,'social_auth','0001_initial','2020-06-18 13:29:16.158305');
INSERT INTO "django_migrations" VALUES(21,'default','0002_add_related_name','2020-06-18 13:29:16.179292');
INSERT INTO "django_migrations" VALUES(22,'social_auth','0002_add_related_name','2020-06-18 13:29:16.180291');
INSERT INTO "django_migrations" VALUES(23,'default','0003_alter_email_max_length','2020-06-18 13:29:16.193279');
INSERT INTO "django_migrations" VALUES(24,'social_auth','0003_alter_email_max_length','2020-06-18 13:29:16.194278');
INSERT INTO "django_migrations" VALUES(25,'default','0004_auto_20160423_0400','2020-06-18 13:29:16.212343');
INSERT INTO "django_migrations" VALUES(26,'social_auth','0004_auto_20160423_0400','2020-06-18 13:29:16.213342');
INSERT INTO "django_migrations" VALUES(27,'social_auth','0005_auto_20160727_2333','2020-06-18 13:29:16.222337');
INSERT INTO "django_migrations" VALUES(28,'social_django','0006_partial','2020-06-18 13:29:16.231332');
INSERT INTO "django_migrations" VALUES(29,'social_django','0007_code_timestamp','2020-06-18 13:29:16.245324');
INSERT INTO "django_migrations" VALUES(30,'social_django','0008_partial_timestamp','2020-06-18 13:29:16.259316');
INSERT INTO "django_migrations" VALUES(31,'social_django','0009_auto_20191118_0520','2020-06-18 13:29:16.291322');
INSERT INTO "django_migrations" VALUES(32,'social_django','0010_uid_db_index','2020-06-18 13:29:16.312306');
INSERT INTO "django_migrations" VALUES(33,'social_django','0002_add_related_name','2020-06-18 13:29:16.322291');
INSERT INTO "django_migrations" VALUES(34,'social_django','0003_alter_email_max_length','2020-06-18 13:29:16.328287');
INSERT INTO "django_migrations" VALUES(35,'social_django','0001_initial','2020-06-18 13:29:16.334357');
INSERT INTO "django_migrations" VALUES(36,'social_django','0004_auto_20160423_0400','2020-06-18 13:29:16.340402');
INSERT INTO "django_migrations" VALUES(37,'social_django','0005_auto_20160727_2333','2020-06-18 13:29:16.346398');
CREATE UNIQUE INDEX "auth_group_permissions_group_id_permission_id_0cd325b0_uniq" ON "auth_group_permissions" ("group_id", "permission_id");
CREATE INDEX IF NOT EXISTS "auth_group_permissions_group_id_b120cbf9" ON "auth_group_permissions" ("group_id");
CREATE INDEX IF NOT EXISTS "auth_group_permissions_permission_id_84c5c92e" ON "auth_group_permissions" ("permission_id");
CREATE UNIQUE INDEX "auth_user_groups_user_id_group_id_94350c0c_uniq" ON "auth_user_groups" ("user_id", "group_id");
CREATE INDEX IF NOT EXISTS "auth_user_groups_user_id_6a12ed8b" ON "auth_user_groups" ("user_id");
CREATE INDEX IF NOT EXISTS "auth_user_groups_group_id_97559544" ON "auth_user_groups" ("group_id");
CREATE UNIQUE INDEX "auth_user_user_permissions_user_id_permission_id_14a6b632_uniq" ON "auth_user_user_permissions" ("user_id", "permission_id");
CREATE INDEX IF NOT EXISTS "auth_user_user_permissions_user_id_a95ead1b" ON "auth_user_user_permissions" ("user_id");
CREATE INDEX IF NOT EXISTS "auth_user_user_permissions_permission_id_1fbb5f2c" ON "auth_user_user_permissions" ("permission_id");
CREATE INDEX IF NOT EXISTS "django_admin_log_content_type_id_c4bce8eb" ON "django_admin_log" ("content_type_id");
CREATE INDEX IF NOT EXISTS "django_admin_log_user_id_c564eba6" ON "django_admin_log" ("user_id");
CREATE UNIQUE INDEX "django_content_type_app_label_model_76bd3d3b_uniq" ON "django_content_type" ("app_label", "model");
CREATE UNIQUE INDEX "auth_permission_content_type_id_codename_01ab375a_uniq" ON "auth_permission" ("content_type_id", "codename");
CREATE INDEX IF NOT EXISTS "auth_permission_content_type_id_2f476e4b" ON "auth_permission" ("content_type_id");
CREATE INDEX IF NOT EXISTS "kmutnbtrackapp_person_user_id_94288e0f" ON "kmutnbtrackapp_person" ("user_id");
CREATE INDEX IF NOT EXISTS "kmutnbtrackapp_history_lab_id_1d8f06a2" ON "kmutnbtrackapp_history" ("lab_id");
CREATE INDEX IF NOT EXISTS "kmutnbtrackapp_history_person_id_80999c18" ON "kmutnbtrackapp_history" ("person_id");
CREATE INDEX IF NOT EXISTS "django_session_expire_date_a5c62663" ON "django_session" ("expire_date");
CREATE UNIQUE INDEX "social_auth_nonce_server_url_timestamp_salt_f6284463_uniq" ON "social_auth_nonce" ("server_url", "timestamp", "salt");
CREATE UNIQUE INDEX "social_auth_association_server_url_handle_078befa2_uniq" ON "social_auth_association" ("server_url", "handle");
CREATE UNIQUE INDEX "social_auth_code_email_code_801b2d02_uniq" ON "social_auth_code" ("email", "code");
CREATE INDEX IF NOT EXISTS "social_auth_code_code_a2393167" ON "social_auth_code" ("code");
CREATE INDEX IF NOT EXISTS "social_auth_code_timestamp_176b341f" ON "social_auth_code" ("timestamp");
CREATE INDEX IF NOT EXISTS "social_auth_partial_token_3017fea3" ON "social_auth_partial" ("token");
CREATE INDEX IF NOT EXISTS "social_auth_partial_timestamp_50f2119f" ON "social_auth_partial" ("timestamp");
CREATE UNIQUE INDEX "social_auth_usersocialauth_provider_uid_e6b5e668_uniq" ON "social_auth_usersocialauth" ("provider", "uid");
CREATE INDEX IF NOT EXISTS "social_auth_usersocialauth_user_id_17d28448" ON "social_auth_usersocialauth" ("user_id");
CREATE INDEX IF NOT EXISTS "social_auth_usersocialauth_uid_796e51dc" ON "social_auth_usersocialauth" ("uid");
CREATE TABLE IF NOT EXISTS "django_session" ("session_key" varchar(40) NOT NULL PRIMARY KEY, "session_data" text NOT NULL, "expire_date" datetime NOT NULL);
CREATE UNIQUE INDEX "auth_group_permissions_group_id_permission_id_0cd325b0_uniq" ON "auth_group_permissions" ("group_id", "permission_id");
CREATE INDEX IF NOT EXISTS "auth_group_permissions_group_id_b120cbf9" ON "auth_group_permissions" ("group_id");
CREATE INDEX IF NOT EXISTS "auth_group_permissions_permission_id_84c5c92e" ON "auth_group_permissions" ("permission_id");
CREATE UNIQUE INDEX "auth_user_groups_user_id_group_id_94350c0c_uniq" ON "auth_user_groups" ("user_id", "group_id");
CREATE INDEX IF NOT EXISTS "auth_user_groups_user_id_6a12ed8b" ON "auth_user_groups" ("user_id");
CREATE INDEX IF NOT EXISTS "auth_user_groups_group_id_97559544" ON "auth_user_groups" ("group_id");
CREATE UNIQUE INDEX "auth_user_user_permissions_user_id_permission_id_14a6b632_uniq" ON "auth_user_user_permissions" ("user_id", "permission_id");
CREATE INDEX IF NOT EXISTS "auth_user_user_permissions_user_id_a95ead1b" ON "auth_user_user_permissions" ("user_id");
CREATE INDEX IF NOT EXISTS "auth_user_user_permissions_permission_id_1fbb5f2c" ON "auth_user_user_permissions" ("permission_id");
CREATE INDEX IF NOT EXISTS "django_admin_log_content_type_id_c4bce8eb" ON "django_admin_log" ("content_type_id");
CREATE INDEX IF NOT EXISTS "django_admin_log_user_id_c564eba6" ON "django_admin_log" ("user_id");
CREATE UNIQUE INDEX "django_content_type_app_label_model_76bd3d3b_uniq" ON "django_content_type" ("app_label", "model");
CREATE UNIQUE INDEX "auth_permission_content_type_id_codename_01ab375a_uniq" ON "auth_permission" ("content_type_id", "codename");
CREATE INDEX IF NOT EXISTS "auth_permission_content_type_id_2f476e4b" ON "auth_permission" ("content_type_id");
CREATE INDEX IF NOT EXISTS "kmutnbtrackapp_person_user_id_94288e0f" ON "kmutnbtrackapp_person" ("user_id");
CREATE INDEX IF NOT EXISTS "kmutnbtrackapp_history_lab_id_1d8f06a2" ON "kmutnbtrackapp_history" ("lab_id");
CREATE INDEX IF NOT EXISTS "kmutnbtrackapp_history_person_id_80999c18" ON "kmutnbtrackapp_history" ("person_id");
CREATE INDEX IF NOT EXISTS "django_session_expire_date_a5c62663" ON "django_session" ("expire_date");
CREATE UNIQUE INDEX "social_auth_nonce_server_url_timestamp_salt_f6284463_uniq" ON "social_auth_nonce" ("server_url", "timestamp", "salt");
CREATE UNIQUE INDEX "social_auth_association_server_url_handle_078befa2_uniq" ON "social_auth_association" ("server_url", "handle");
CREATE UNIQUE INDEX "social_auth_code_email_code_801b2d02_uniq" ON "social_auth_code" ("email", "code");
CREATE INDEX IF NOT EXISTS "social_auth_code_code_a2393167" ON "social_auth_code" ("code");
CREATE INDEX IF NOT EXISTS "social_auth_code_timestamp_176b341f" ON "social_auth_code" ("timestamp");
CREATE INDEX IF NOT EXISTS "social_auth_partial_token_3017fea3" ON "social_auth_partial" ("token");
CREATE INDEX IF NOT EXISTS "social_auth_partial_timestamp_50f2119f" ON "social_auth_partial" ("timestamp");
CREATE UNIQUE INDEX "social_auth_usersocialauth_provider_uid_e6b5e668_uniq" ON "social_auth_usersocialauth" ("provider", "uid");
CREATE INDEX IF NOT EXISTS "social_auth_usersocialauth_user_id_17d28448" ON "social_auth_usersocialauth" ("user_id");
CREATE INDEX IF NOT EXISTS "social_auth_usersocialauth_uid_796e51dc" ON "social_auth_usersocialauth" ("uid");
CREATE TABLE IF NOT EXISTS "kmutnbtrackapp_history" ("id" integer NOT NULL PRIMARY KEY AUTOINCREMENT, "checkin" datetime NULL, "checkout" datetime NULL, "lab_id" varchar(16) NOT NULL REFERENCES "kmutnbtrackapp_lab" ("hash") DEFERRABLE INITIALLY DEFERRED, "person_id" integer NOT NULL REFERENCES "kmutnbtrackapp_person" ("id") DEFERRABLE INITIALLY DEFERRED);
INSERT INTO "kmutnbtrackapp_history" VALUES(5,'2020-06-17 02:00:35.002553','2020-06-17 05:00:29','3485258041',2);
INSERT INTO "kmutnbtrackapp_history" VALUES(6,'2020-06-17 02:00:55.670476','2020-06-17 04:45:45','3485258041',6);
INSERT INTO "kmutnbtrackapp_history" VALUES(7,'2020-06-17 02:01:31.581778','2020-06-17 05:01:17','3969989332',4);
INSERT INTO "kmutnbtrackapp_history" VALUES(8,'2020-06-17 06:05:59.823386','2020-06-17 09:01:59','3969989332',5);
INSERT INTO "kmutnbtrackapp_history" VALUES(9,'2020-06-17 06:06:34.040237','2020-06-17 09:06:29','3485258041',3);
INSERT INTO "kmutnbtrackapp_history" VALUES(10,'2020-06-17 02:08:50.441587','2020-06-17 04:55:36','3485258041',5);
INSERT INTO "kmutnbtrackapp_history" VALUES(11,'2020-06-18 02:10:01.684599','2020-06-18 05:00:54','187872210',5);
INSERT INTO "kmutnbtrackapp_history" VALUES(12,'2020-06-18 06:10:34.196311','2020-06-18 09:10:29','3969989332',5);
INSERT INTO "kmutnbtrackapp_history" VALUES(13,'2020-06-18 06:11:46.739677','2020-06-18 09:00:39','3485258041',3);
INSERT INTO "kmutnbtrackapp_history" VALUES(14,'2020-06-18 02:03:36.279832','2020-06-18 04:58:12','3969989332',3);
INSERT INTO "kmutnbtrackapp_history" VALUES(16,'2020-06-18 02:04:36.542130','2020-06-18 03:50:23','3485258041',6);
INSERT INTO "kmutnbtrackapp_history" VALUES(17,'2020-06-17 02:04:40.258194','2020-06-17 04:58:24','3485258041',8);
INSERT INTO "kmutnbtrackapp_history" VALUES(18,'2020-06-17 02:05:11.984938','2020-06-17 05:00:00','3485258041',9);
INSERT INTO "kmutnbtrackapp_history" VALUES(19,'2020-06-17 02:05:23.065856','2020-06-17 05:00:00','3485258041',10);
INSERT INTO "kmutnbtrackapp_history" VALUES(20,'2020-06-17 02:05:35.251251','2020-06-17 05:00:00','3485258041',11);
INSERT INTO "kmutnbtrackapp_history" VALUES(21,'2020-06-17 02:05:43.804456','2020-06-17 05:00:00','3485258041',12);
INSERT INTO "kmutnbtrackapp_history" VALUES(22,'2020-06-17 06:07:37.277357','2020-06-17 11:00:00','3969989332',8);
INSERT INTO "kmutnbtrackapp_history" VALUES(23,'2020-06-17 06:08:17.150025','2020-06-17 11:00:00','3969989332',9);
INSERT INTO "kmutnbtrackapp_history" VALUES(24,'2020-06-17 06:08:25.862696','2020-06-17 11:00:00','187872210',10);
INSERT INTO "kmutnbtrackapp_history" VALUES(25,'2020-06-17 06:08:33.786091','2020-06-17 11:00:00','3969989332',11);
INSERT INTO "kmutnbtrackapp_history" VALUES(26,'2020-06-17 06:08:42.165337','2020-06-17 11:00:00','3969989332',12);
INSERT INTO "kmutnbtrackapp_history" VALUES(27,'2020-06-18 02:09:27.328658','2020-06-18 05:00:00','187872210',8);
INSERT INTO "kmutnbtrackapp_history" VALUES(28,'2020-06-18 02:09:39.408428','2020-06-18 05:00:00','187872210',9);
INSERT INTO "kmutnbtrackapp_history" VALUES(29,'2020-06-18 02:13:15.245948','2020-06-18 05:00:00','187872210',10);
INSERT INTO "kmutnbtrackapp_history" VALUES(30,'2020-06-18 02:13:24.651914','2020-06-18 05:00:00','3969989332',11);
INSERT INTO "kmutnbtrackapp_history" VALUES(31,'2020-06-18 02:13:34.265919','2020-06-18 05:00:00','3485258041',12);
CREATE UNIQUE INDEX "auth_group_permissions_group_id_permission_id_0cd325b0_uniq" ON "auth_group_permissions" ("group_id", "permission_id");
CREATE INDEX IF NOT EXISTS "auth_group_permissions_group_id_b120cbf9" ON "auth_group_permissions" ("group_id");
CREATE INDEX IF NOT EXISTS "auth_group_permissions_permission_id_84c5c92e" ON "auth_group_permissions" ("permission_id");
CREATE UNIQUE INDEX "auth_user_groups_user_id_group_id_94350c0c_uniq" ON "auth_user_groups" ("user_id", "group_id");
CREATE INDEX IF NOT EXISTS "auth_user_groups_user_id_6a12ed8b" ON "auth_user_groups" ("user_id");
CREATE INDEX IF NOT EXISTS "auth_user_groups_group_id_97559544" ON "auth_user_groups" ("group_id");
CREATE UNIQUE INDEX "auth_user_user_permissions_user_id_permission_id_14a6b632_uniq" ON "auth_user_user_permissions" ("user_id", "permission_id");
CREATE INDEX IF NOT EXISTS "auth_user_user_permissions_user_id_a95ead1b" ON "auth_user_user_permissions" ("user_id");
CREATE INDEX IF NOT EXISTS "auth_user_user_permissions_permission_id_1fbb5f2c" ON "auth_user_user_permissions" ("permission_id");
CREATE INDEX IF NOT EXISTS "django_admin_log_content_type_id_c4bce8eb" ON "django_admin_log" ("content_type_id");
CREATE INDEX IF NOT EXISTS "django_admin_log_user_id_c564eba6" ON "django_admin_log" ("user_id");
CREATE UNIQUE INDEX "django_content_type_app_label_model_76bd3d3b_uniq" ON "django_content_type" ("app_label", "model");
CREATE UNIQUE INDEX "auth_permission_content_type_id_codename_01ab375a_uniq" ON "auth_permission" ("content_type_id", "codename");
CREATE INDEX IF NOT EXISTS "auth_permission_content_type_id_2f476e4b" ON "auth_permission" ("content_type_id");
CREATE INDEX IF NOT EXISTS "kmutnbtrackapp_person_user_id_94288e0f" ON "kmutnbtrackapp_person" ("user_id");
CREATE INDEX IF NOT EXISTS "kmutnbtrackapp_history_lab_id_1d8f06a2" ON "kmutnbtrackapp_history" ("lab_id");
CREATE INDEX IF NOT EXISTS "kmutnbtrackapp_history_person_id_80999c18" ON "kmutnbtrackapp_history" ("person_id");
CREATE INDEX IF NOT EXISTS "django_session_expire_date_a5c62663" ON "django_session" ("expire_date");
CREATE UNIQUE INDEX "social_auth_nonce_server_url_timestamp_salt_f6284463_uniq" ON "social_auth_nonce" ("server_url", "timestamp", "salt");
CREATE UNIQUE INDEX "social_auth_association_server_url_handle_078befa2_uniq" ON "social_auth_association" ("server_url", "handle");
CREATE UNIQUE INDEX "social_auth_code_email_code_801b2d02_uniq" ON "social_auth_code" ("email", "code");
CREATE INDEX IF NOT EXISTS "social_auth_code_code_a2393167" ON "social_auth_code" ("code");
CREATE INDEX IF NOT EXISTS "social_auth_code_timestamp_176b341f" ON "social_auth_code" ("timestamp");
CREATE INDEX IF NOT EXISTS "social_auth_partial_token_3017fea3" ON "social_auth_partial" ("token");
CREATE INDEX IF NOT EXISTS "social_auth_partial_timestamp_50f2119f" ON "social_auth_partial" ("timestamp");
CREATE UNIQUE INDEX "social_auth_usersocialauth_provider_uid_e6b5e668_uniq" ON "social_auth_usersocialauth" ("provider", "uid");
CREATE INDEX IF NOT EXISTS "social_auth_usersocialauth_user_id_17d28448" ON "social_auth_usersocialauth" ("user_id");
CREATE INDEX IF NOT EXISTS "social_auth_usersocialauth_uid_796e51dc" ON "social_auth_usersocialauth" ("uid");
CREATE TABLE IF NOT EXISTS "kmutnbtrackapp_lab" ("name" varchar(300) NULL, "amount" integer NOT NULL, "hash" varchar(16) NOT NULL PRIMARY KEY);
INSERT INTO "kmutnbtrackapp_lab" VALUES('Computer Lab',20,'3485258041');
INSERT INTO "kmutnbtrackapp_lab" VALUES('Physics Lab',20,'3969989332');
INSERT INTO "kmutnbtrackapp_lab" VALUES('Circuit Lab',20,'187872210');
CREATE UNIQUE INDEX "auth_group_permissions_group_id_permission_id_0cd325b0_uniq" ON "auth_group_permissions" ("group_id", "permission_id");
CREATE INDEX IF NOT EXISTS "auth_group_permissions_group_id_b120cbf9" ON "auth_group_permissions" ("group_id");
CREATE INDEX IF NOT EXISTS "auth_group_permissions_permission_id_84c5c92e" ON "auth_group_permissions" ("permission_id");
CREATE UNIQUE INDEX "auth_user_groups_user_id_group_id_94350c0c_uniq" ON "auth_user_groups" ("user_id", "group_id");
CREATE INDEX IF NOT EXISTS "auth_user_groups_user_id_6a12ed8b" ON "auth_user_groups" ("user_id");
CREATE INDEX IF NOT EXISTS "auth_user_groups_group_id_97559544" ON "auth_user_groups" ("group_id");
CREATE UNIQUE INDEX "auth_user_user_permissions_user_id_permission_id_14a6b632_uniq" ON "auth_user_user_permissions" ("user_id", "permission_id");
CREATE INDEX IF NOT EXISTS "auth_user_user_permissions_user_id_a95ead1b" ON "auth_user_user_permissions" ("user_id");
CREATE INDEX IF NOT EXISTS "auth_user_user_permissions_permission_id_1fbb5f2c" ON "auth_user_user_permissions" ("permission_id");
CREATE INDEX IF NOT EXISTS "django_admin_log_content_type_id_c4bce8eb" ON "django_admin_log" ("content_type_id");
CREATE INDEX IF NOT EXISTS "django_admin_log_user_id_c564eba6" ON "django_admin_log" ("user_id");
CREATE UNIQUE INDEX "django_content_type_app_label_model_76bd3d3b_uniq" ON "django_content_type" ("app_label", "model");
CREATE UNIQUE INDEX "auth_permission_content_type_id_codename_01ab375a_uniq" ON "auth_permission" ("content_type_id", "codename");
CREATE INDEX IF NOT EXISTS "auth_permission_content_type_id_2f476e4b" ON "auth_permission" ("content_type_id");
CREATE INDEX IF NOT EXISTS "kmutnbtrackapp_person_user_id_94288e0f" ON "kmutnbtrackapp_person" ("user_id");
CREATE INDEX IF NOT EXISTS "kmutnbtrackapp_history_lab_id_1d8f06a2" ON "kmutnbtrackapp_history" ("lab_id");
CREATE INDEX IF NOT EXISTS "kmutnbtrackapp_history_person_id_80999c18" ON "kmutnbtrackapp_history" ("person_id");
CREATE INDEX IF NOT EXISTS "django_session_expire_date_a5c62663" ON "django_session" ("expire_date");
CREATE UNIQUE INDEX "social_auth_nonce_server_url_timestamp_salt_f6284463_uniq" ON "social_auth_nonce" ("server_url", "timestamp", "salt");
CREATE UNIQUE INDEX "social_auth_association_server_url_handle_078befa2_uniq" ON "social_auth_association" ("server_url", "handle");
CREATE UNIQUE INDEX "social_auth_code_email_code_801b2d02_uniq" ON "social_auth_code" ("email", "code");
CREATE INDEX IF NOT EXISTS "social_auth_code_code_a2393167" ON "social_auth_code" ("code");
CREATE INDEX IF NOT EXISTS "social_auth_code_timestamp_176b341f" ON "social_auth_code" ("timestamp");
CREATE INDEX IF NOT EXISTS "social_auth_partial_token_3017fea3" ON "social_auth_partial" ("token");
CREATE INDEX IF NOT EXISTS "social_auth_partial_timestamp_50f2119f" ON "social_auth_partial" ("timestamp");
CREATE UNIQUE INDEX "social_auth_usersocialauth_provider_uid_e6b5e668_uniq" ON "social_auth_usersocialauth" ("provider", "uid");
CREATE INDEX IF NOT EXISTS "social_auth_usersocialauth_user_id_17d28448" ON "social_auth_usersocialauth" ("user_id");
CREATE INDEX IF NOT EXISTS "social_auth_usersocialauth_uid_796e51dc" ON "social_auth_usersocialauth" ("uid");
CREATE TABLE IF NOT EXISTS "kmutnbtrackapp_person" ("id" integer NOT NULL PRIMARY KEY AUTOINCREMENT, "first_name" varchar(50) NOT NULL, "last_name" varchar(50) NOT NULL, "email" varchar(254) NOT NULL, "student_id" varchar(13) NOT NULL, "is_student" bool NOT NULL, "user_id" integer NOT NULL REFERENCES "auth_user" ("id") DEFERRABLE INITIALLY DEFERRED);
INSERT INTO "kmutnbtrackapp_person" VALUES(2,'ภาสกร','แพรญาติ','s6101012630135@email.kmutnb.ac.th','6101012630135',1,3);
INSERT INTO "kmutnbtrackapp_person" VALUES(3,'จิรพัฒน์','เจริญปัญญาปราชญ์','admin@example.com','6101012630139',1,4);
INSERT INTO "kmutnbtrackapp_person" VALUES(4,'เดชมนต์','แจ้งจิตต์','admin@example.com','6101012630100',1,5);
INSERT INTO "kmutnbtrackapp_person" VALUES(5,'พิเชฐ','พุ่มพฤกษ์','admin@example.com','',0,6);
INSERT INTO "kmutnbtrackapp_person" VALUES(6,'ภัคพงษ์','รัตนภักดีคุณ','s6101012630119@email.kmutnb.ac.th','6101012630119',1,7);
INSERT INTO "kmutnbtrackapp_person" VALUES(8,'สิริ','กิจจาบริบูรณ์','admin@example.com','6101012630100',1,9);
INSERT INTO "kmutnbtrackapp_person" VALUES(9,'ณัฐกฤตย์','จตุภัทรดิษฐ์','s6101012630101@email.kmutnb.ac.th','6101012630101',1,10);
INSERT INTO "kmutnbtrackapp_person" VALUES(10,'สุพรรษา','ตัณฑุลเศรษฐ์','admin@example.com','6101012630103',1,11);
INSERT INTO "kmutnbtrackapp_person" VALUES(11,'วัชรวิทย์','ประสาทไทย','admin@example.com','6101012630104',1,12);
INSERT INTO "kmutnbtrackapp_person" VALUES(12,'ธีรภัทร','ปรุงวัฒนากร','admin@example.com','6101012630105',1,13);
CREATE UNIQUE INDEX "auth_group_permissions_group_id_permission_id_0cd325b0_uniq" ON "auth_group_permissions" ("group_id", "permission_id");
CREATE INDEX IF NOT EXISTS "auth_group_permissions_group_id_b120cbf9" ON "auth_group_permissions" ("group_id");
CREATE INDEX IF NOT EXISTS "auth_group_permissions_permission_id_84c5c92e" ON "auth_group_permissions" ("permission_id");
CREATE UNIQUE INDEX "auth_user_groups_user_id_group_id_94350c0c_uniq" ON "auth_user_groups" ("user_id", "group_id");
CREATE INDEX IF NOT EXISTS "auth_user_groups_user_id_6a12ed8b" ON "auth_user_groups" ("user_id");
CREATE INDEX IF NOT EXISTS "auth_user_groups_group_id_97559544" ON "auth_user_groups" ("group_id");
CREATE UNIQUE INDEX "auth_user_user_permissions_user_id_permission_id_14a6b632_uniq" ON "auth_user_user_permissions" ("user_id", "permission_id");
CREATE INDEX IF NOT EXISTS "auth_user_user_permissions_user_id_a95ead1b" ON "auth_user_user_permissions" ("user_id");
CREATE INDEX IF NOT EXISTS "auth_user_user_permissions_permission_id_1fbb5f2c" ON "auth_user_user_permissions" ("permission_id");
CREATE INDEX IF NOT EXISTS "django_admin_log_content_type_id_c4bce8eb" ON "django_admin_log" ("content_type_id");
CREATE INDEX IF NOT EXISTS "django_admin_log_user_id_c564eba6" ON "django_admin_log" ("user_id");
CREATE UNIQUE INDEX "django_content_type_app_label_model_76bd3d3b_uniq" ON "django_content_type" ("app_label", "model");
CREATE UNIQUE INDEX "auth_permission_content_type_id_codename_01ab375a_uniq" ON "auth_permission" ("content_type_id", "codename");
CREATE INDEX IF NOT EXISTS "auth_permission_content_type_id_2f476e4b" ON "auth_permission" ("content_type_id");
CREATE INDEX IF NOT EXISTS "kmutnbtrackapp_person_user_id_94288e0f" ON "kmutnbtrackapp_person" ("user_id");
CREATE INDEX IF NOT EXISTS "kmutnbtrackapp_history_lab_id_1d8f06a2" ON "kmutnbtrackapp_history" ("lab_id");
CREATE INDEX IF NOT EXISTS "kmutnbtrackapp_history_person_id_80999c18" ON "kmutnbtrackapp_history" ("person_id");
CREATE INDEX IF NOT EXISTS "django_session_expire_date_a5c62663" ON "django_session" ("expire_date");
CREATE UNIQUE INDEX "social_auth_nonce_server_url_timestamp_salt_f6284463_uniq" ON "social_auth_nonce" ("server_url", "timestamp", "salt");
CREATE UNIQUE INDEX "social_auth_association_server_url_handle_078befa2_uniq" ON "social_auth_association" ("server_url", "handle");
CREATE UNIQUE INDEX "social_auth_code_email_code_801b2d02_uniq" ON "social_auth_code" ("email", "code");
CREATE INDEX IF NOT EXISTS "social_auth_code_code_a2393167" ON "social_auth_code" ("code");
CREATE INDEX IF NOT EXISTS "social_auth_code_timestamp_176b341f" ON "social_auth_code" ("timestamp");
CREATE INDEX IF NOT EXISTS "social_auth_partial_token_3017fea3" ON "social_auth_partial" ("token");
CREATE INDEX IF NOT EXISTS "social_auth_partial_timestamp_50f2119f" ON "social_auth_partial" ("timestamp");
CREATE UNIQUE INDEX "social_auth_usersocialauth_provider_uid_e6b5e668_uniq" ON "social_auth_usersocialauth" ("provider", "uid");
CREATE INDEX IF NOT EXISTS "social_auth_usersocialauth_user_id_17d28448" ON "social_auth_usersocialauth" ("user_id");
CREATE INDEX IF NOT EXISTS "social_auth_usersocialauth_uid_796e51dc" ON "social_auth_usersocialauth" ("uid");
CREATE TABLE IF NOT EXISTS "social_auth_association" ("id" integer NOT NULL PRIMARY KEY AUTOINCREMENT, "server_url" varchar(255) NOT NULL, "handle" varchar(255) NOT NULL, "secret" varchar(255) NOT NULL, "issued" integer NOT NULL, "lifetime" integer NOT NULL, "assoc_type" varchar(64) NOT NULL);
CREATE UNIQUE INDEX "auth_group_permissions_group_id_permission_id_0cd325b0_uniq" ON "auth_group_permissions" ("group_id", "permission_id");
CREATE INDEX IF NOT EXISTS "auth_group_permissions_group_id_b120cbf9" ON "auth_group_permissions" ("group_id");
CREATE INDEX IF NOT EXISTS "auth_group_permissions_permission_id_84c5c92e" ON "auth_group_permissions" ("permission_id");
CREATE UNIQUE INDEX "auth_user_groups_user_id_group_id_94350c0c_uniq" ON "auth_user_groups" ("user_id", "group_id");
CREATE INDEX IF NOT EXISTS "auth_user_groups_user_id_6a12ed8b" ON "auth_user_groups" ("user_id");
CREATE INDEX IF NOT EXISTS "auth_user_groups_group_id_97559544" ON "auth_user_groups" ("group_id");
CREATE UNIQUE INDEX "auth_user_user_permissions_user_id_permission_id_14a6b632_uniq" ON "auth_user_user_permissions" ("user_id", "permission_id");
CREATE INDEX IF NOT EXISTS "auth_user_user_permissions_user_id_a95ead1b" ON "auth_user_user_permissions" ("user_id");
CREATE INDEX IF NOT EXISTS "auth_user_user_permissions_permission_id_1fbb5f2c" ON "auth_user_user_permissions" ("permission_id");
CREATE INDEX IF NOT EXISTS "django_admin_log_content_type_id_c4bce8eb" ON "django_admin_log" ("content_type_id");
CREATE INDEX IF NOT EXISTS "django_admin_log_user_id_c564eba6" ON "django_admin_log" ("user_id");
CREATE UNIQUE INDEX "django_content_type_app_label_model_76bd3d3b_uniq" ON "django_content_type" ("app_label", "model");
CREATE UNIQUE INDEX "auth_permission_content_type_id_codename_01ab375a_uniq" ON "auth_permission" ("content_type_id", "codename");
CREATE INDEX IF NOT EXISTS "auth_permission_content_type_id_2f476e4b" ON "auth_permission" ("content_type_id");
CREATE INDEX IF NOT EXISTS "kmutnbtrackapp_person_user_id_94288e0f" ON "kmutnbtrackapp_person" ("user_id");
CREATE INDEX IF NOT EXISTS "kmutnbtrackapp_history_lab_id_1d8f06a2" ON "kmutnbtrackapp_history" ("lab_id");
CREATE INDEX IF NOT EXISTS "kmutnbtrackapp_history_person_id_80999c18" ON "kmutnbtrackapp_history" ("person_id");
CREATE INDEX IF NOT EXISTS "django_session_expire_date_a5c62663" ON "django_session" ("expire_date");
CREATE UNIQUE INDEX "social_auth_nonce_server_url_timestamp_salt_f6284463_uniq" ON "social_auth_nonce" ("server_url", "timestamp", "salt");
CREATE UNIQUE INDEX "social_auth_association_server_url_handle_078befa2_uniq" ON "social_auth_association" ("server_url", "handle");
CREATE UNIQUE INDEX "social_auth_code_email_code_801b2d02_uniq" ON "social_auth_code" ("email", "code");
CREATE INDEX IF NOT EXISTS "social_auth_code_code_a2393167" ON "social_auth_code" ("code");
CREATE INDEX IF NOT EXISTS "social_auth_code_timestamp_176b341f" ON "social_auth_code" ("timestamp");
CREATE INDEX IF NOT EXISTS "social_auth_partial_token_3017fea3" ON "social_auth_partial" ("token");
CREATE INDEX IF NOT EXISTS "social_auth_partial_timestamp_50f2119f" ON "social_auth_partial" ("timestamp");
CREATE UNIQUE INDEX "social_auth_usersocialauth_provider_uid_e6b5e668_uniq" ON "social_auth_usersocialauth" ("provider", "uid");
CREATE INDEX IF NOT EXISTS "social_auth_usersocialauth_user_id_17d28448" ON "social_auth_usersocialauth" ("user_id");
CREATE INDEX IF NOT EXISTS "social_auth_usersocialauth_uid_796e51dc" ON "social_auth_usersocialauth" ("uid");
CREATE TABLE IF NOT EXISTS "social_auth_code" ("id" integer NOT NULL PRIMARY KEY AUTOINCREMENT, "email" varchar(254) NOT NULL, "code" varchar(32) NOT NULL, "verified" bool NOT NULL, "timestamp" datetime NOT NULL);
CREATE UNIQUE INDEX "auth_group_permissions_group_id_permission_id_0cd325b0_uniq" ON "auth_group_permissions" ("group_id", "permission_id");
CREATE INDEX IF NOT EXISTS "auth_group_permissions_group_id_b120cbf9" ON "auth_group_permissions" ("group_id");
CREATE INDEX IF NOT EXISTS "auth_group_permissions_permission_id_84c5c92e" ON "auth_group_permissions" ("permission_id");
CREATE UNIQUE INDEX "auth_user_groups_user_id_group_id_94350c0c_uniq" ON "auth_user_groups" ("user_id", "group_id");
CREATE INDEX IF NOT EXISTS "auth_user_groups_user_id_6a12ed8b" ON "auth_user_groups" ("user_id");
CREATE INDEX IF NOT EXISTS "auth_user_groups_group_id_97559544" ON "auth_user_groups" ("group_id");
CREATE UNIQUE INDEX "auth_user_user_permissions_user_id_permission_id_14a6b632_uniq" ON "auth_user_user_permissions" ("user_id", "permission_id");
CREATE INDEX IF NOT EXISTS "auth_user_user_permissions_user_id_a95ead1b" ON "auth_user_user_permissions" ("user_id");
CREATE INDEX IF NOT EXISTS "auth_user_user_permissions_permission_id_1fbb5f2c" ON "auth_user_user_permissions" ("permission_id");
CREATE INDEX IF NOT EXISTS "django_admin_log_content_type_id_c4bce8eb" ON "django_admin_log" ("content_type_id");
CREATE INDEX IF NOT EXISTS "django_admin_log_user_id_c564eba6" ON "django_admin_log" ("user_id");
CREATE UNIQUE INDEX "django_content_type_app_label_model_76bd3d3b_uniq" ON "django_content_type" ("app_label", "model");
CREATE UNIQUE INDEX "auth_permission_content_type_id_codename_01ab375a_uniq" ON "auth_permission" ("content_type_id", "codename");
CREATE INDEX IF NOT EXISTS "auth_permission_content_type_id_2f476e4b" ON "auth_permission" ("content_type_id");
CREATE INDEX IF NOT EXISTS "kmutnbtrackapp_person_user_id_94288e0f" ON "kmutnbtrackapp_person" ("user_id");
CREATE INDEX IF NOT EXISTS "kmutnbtrackapp_history_lab_id_1d8f06a2" ON "kmutnbtrackapp_history" ("lab_id");
CREATE INDEX IF NOT EXISTS "kmutnbtrackapp_history_person_id_80999c18" ON "kmutnbtrackapp_history" ("person_id");
CREATE INDEX IF NOT EXISTS "django_session_expire_date_a5c62663" ON "django_session" ("expire_date");
CREATE UNIQUE INDEX "social_auth_nonce_server_url_timestamp_salt_f6284463_uniq" ON "social_auth_nonce" ("server_url", "timestamp", "salt");
CREATE UNIQUE INDEX "social_auth_association_server_url_handle_078befa2_uniq" ON "social_auth_association" ("server_url", "handle");
CREATE UNIQUE INDEX "social_auth_code_email_code_801b2d02_uniq" ON "social_auth_code" ("email", "code");
CREATE INDEX IF NOT EXISTS "social_auth_code_code_a2393167" ON "social_auth_code" ("code");
CREATE INDEX IF NOT EXISTS "social_auth_code_timestamp_176b341f" ON "social_auth_code" ("timestamp");
CREATE INDEX IF NOT EXISTS "social_auth_partial_token_3017fea3" ON "social_auth_partial" ("token");
CREATE INDEX IF NOT EXISTS "social_auth_partial_timestamp_50f2119f" ON "social_auth_partial" ("timestamp");
CREATE UNIQUE INDEX "social_auth_usersocialauth_provider_uid_e6b5e668_uniq" ON "social_auth_usersocialauth" ("provider", "uid");
CREATE INDEX IF NOT EXISTS "social_auth_usersocialauth_user_id_17d28448" ON "social_auth_usersocialauth" ("user_id");
CREATE INDEX IF NOT EXISTS "social_auth_usersocialauth_uid_796e51dc" ON "social_auth_usersocialauth" ("uid");
CREATE TABLE IF NOT EXISTS "social_auth_nonce" ("id" integer NOT NULL PRIMARY KEY AUTOINCREMENT, "server_url" varchar(255) NOT NULL, "timestamp" integer NOT NULL, "salt" varchar(65) NOT NULL);
CREATE UNIQUE INDEX "auth_group_permissions_group_id_permission_id_0cd325b0_uniq" ON "auth_group_permissions" ("group_id", "permission_id");
CREATE INDEX IF NOT EXISTS "auth_group_permissions_group_id_b120cbf9" ON "auth_group_permissions" ("group_id");
CREATE INDEX IF NOT EXISTS "auth_group_permissions_permission_id_84c5c92e" ON "auth_group_permissions" ("permission_id");
CREATE UNIQUE INDEX "auth_user_groups_user_id_group_id_94350c0c_uniq" ON "auth_user_groups" ("user_id", "group_id");
CREATE INDEX IF NOT EXISTS "auth_user_groups_user_id_6a12ed8b" ON "auth_user_groups" ("user_id");
CREATE INDEX IF NOT EXISTS "auth_user_groups_group_id_97559544" ON "auth_user_groups" ("group_id");
CREATE UNIQUE INDEX "auth_user_user_permissions_user_id_permission_id_14a6b632_uniq" ON "auth_user_user_permissions" ("user_id", "permission_id");
CREATE INDEX IF NOT EXISTS "auth_user_user_permissions_user_id_a95ead1b" ON "auth_user_user_permissions" ("user_id");
CREATE INDEX IF NOT EXISTS "auth_user_user_permissions_permission_id_1fbb5f2c" ON "auth_user_user_permissions" ("permission_id");
CREATE INDEX IF NOT EXISTS "django_admin_log_content_type_id_c4bce8eb" ON "django_admin_log" ("content_type_id");
CREATE INDEX IF NOT EXISTS "django_admin_log_user_id_c564eba6" ON "django_admin_log" ("user_id");
CREATE UNIQUE INDEX "django_content_type_app_label_model_76bd3d3b_uniq" ON "django_content_type" ("app_label", "model");
CREATE UNIQUE INDEX "auth_permission_content_type_id_codename_01ab375a_uniq" ON "auth_permission" ("content_type_id", "codename");
CREATE INDEX IF NOT EXISTS "auth_permission_content_type_id_2f476e4b" ON "auth_permission" ("content_type_id");
CREATE INDEX IF NOT EXISTS "kmutnbtrackapp_person_user_id_94288e0f" ON "kmutnbtrackapp_person" ("user_id");
CREATE INDEX IF NOT EXISTS "kmutnbtrackapp_history_lab_id_1d8f06a2" ON "kmutnbtrackapp_history" ("lab_id");
CREATE INDEX IF NOT EXISTS "kmutnbtrackapp_history_person_id_80999c18" ON "kmutnbtrackapp_history" ("person_id");
CREATE INDEX IF NOT EXISTS "django_session_expire_date_a5c62663" ON "django_session" ("expire_date");
CREATE UNIQUE INDEX "social_auth_nonce_server_url_timestamp_salt_f6284463_uniq" ON "social_auth_nonce" ("server_url", "timestamp", "salt");
CREATE UNIQUE INDEX "social_auth_association_server_url_handle_078befa2_uniq" ON "social_auth_association" ("server_url", "handle");
CREATE UNIQUE INDEX "social_auth_code_email_code_801b2d02_uniq" ON "social_auth_code" ("email", "code");
CREATE INDEX IF NOT EXISTS "social_auth_code_code_a2393167" ON "social_auth_code" ("code");
CREATE INDEX IF NOT EXISTS "social_auth_code_timestamp_176b341f" ON "social_auth_code" ("timestamp");
CREATE INDEX IF NOT EXISTS "social_auth_partial_token_3017fea3" ON "social_auth_partial" ("token");
CREATE INDEX IF NOT EXISTS "social_auth_partial_timestamp_50f2119f" ON "social_auth_partial" ("timestamp");
CREATE UNIQUE INDEX "social_auth_usersocialauth_provider_uid_e6b5e668_uniq" ON "social_auth_usersocialauth" ("provider", "uid");
CREATE INDEX IF NOT EXISTS "social_auth_usersocialauth_user_id_17d28448" ON "social_auth_usersocialauth" ("user_id");
CREATE INDEX IF NOT EXISTS "social_auth_usersocialauth_uid_796e51dc" ON "social_auth_usersocialauth" ("uid");
CREATE TABLE IF NOT EXISTS "social_auth_partial" ("id" integer NOT NULL PRIMARY KEY AUTOINCREMENT, "token" varchar(32) NOT NULL, "next_step" smallint unsigned NOT NULL CHECK ("next_step" >= 0), "backend" varchar(32) NOT NULL, "data" text NOT NULL, "timestamp" datetime NOT NULL);
CREATE UNIQUE INDEX "auth_group_permissions_group_id_permission_id_0cd325b0_uniq" ON "auth_group_permissions" ("group_id", "permission_id");
CREATE INDEX IF NOT EXISTS "auth_group_permissions_group_id_b120cbf9" ON "auth_group_permissions" ("group_id");
CREATE INDEX IF NOT EXISTS "auth_group_permissions_permission_id_84c5c92e" ON "auth_group_permissions" ("permission_id");
CREATE UNIQUE INDEX "auth_user_groups_user_id_group_id_94350c0c_uniq" ON "auth_user_groups" ("user_id", "group_id");
CREATE INDEX IF NOT EXISTS "auth_user_groups_user_id_6a12ed8b" ON "auth_user_groups" ("user_id");
CREATE INDEX IF NOT EXISTS "auth_user_groups_group_id_97559544" ON "auth_user_groups" ("group_id");
CREATE UNIQUE INDEX "auth_user_user_permissions_user_id_permission_id_14a6b632_uniq" ON "auth_user_user_permissions" ("user_id", "permission_id");
CREATE INDEX IF NOT EXISTS "auth_user_user_permissions_user_id_a95ead1b" ON "auth_user_user_permissions" ("user_id");
CREATE INDEX IF NOT EXISTS "auth_user_user_permissions_permission_id_1fbb5f2c" ON "auth_user_user_permissions" ("permission_id");
CREATE INDEX IF NOT EXISTS "django_admin_log_content_type_id_c4bce8eb" ON "django_admin_log" ("content_type_id");
CREATE INDEX IF NOT EXISTS "django_admin_log_user_id_c564eba6" ON "django_admin_log" ("user_id");
CREATE UNIQUE INDEX "django_content_type_app_label_model_76bd3d3b_uniq" ON "django_content_type" ("app_label", "model");
CREATE UNIQUE INDEX "auth_permission_content_type_id_codename_01ab375a_uniq" ON "auth_permission" ("content_type_id", "codename");
CREATE INDEX IF NOT EXISTS "auth_permission_content_type_id_2f476e4b" ON "auth_permission" ("content_type_id");
CREATE INDEX IF NOT EXISTS "kmutnbtrackapp_person_user_id_94288e0f" ON "kmutnbtrackapp_person" ("user_id");
CREATE INDEX IF NOT EXISTS "kmutnbtrackapp_history_lab_id_1d8f06a2" ON "kmutnbtrackapp_history" ("lab_id");
CREATE INDEX IF NOT EXISTS "kmutnbtrackapp_history_person_id_80999c18" ON "kmutnbtrackapp_history" ("person_id");
CREATE INDEX IF NOT EXISTS "django_session_expire_date_a5c62663" ON "django_session" ("expire_date");
CREATE UNIQUE INDEX "social_auth_nonce_server_url_timestamp_salt_f6284463_uniq" ON "social_auth_nonce" ("server_url", "timestamp", "salt");
CREATE UNIQUE INDEX "social_auth_association_server_url_handle_078befa2_uniq" ON "social_auth_association" ("server_url", "handle");
CREATE UNIQUE INDEX "social_auth_code_email_code_801b2d02_uniq" ON "social_auth_code" ("email", "code");
CREATE INDEX IF NOT EXISTS "social_auth_code_code_a2393167" ON "social_auth_code" ("code");
CREATE INDEX IF NOT EXISTS "social_auth_code_timestamp_176b341f" ON "social_auth_code" ("timestamp");
CREATE INDEX IF NOT EXISTS "social_auth_partial_token_3017fea3" ON "social_auth_partial" ("token");
CREATE INDEX IF NOT EXISTS "social_auth_partial_timestamp_50f2119f" ON "social_auth_partial" ("timestamp");
CREATE UNIQUE INDEX "social_auth_usersocialauth_provider_uid_e6b5e668_uniq" ON "social_auth_usersocialauth" ("provider", "uid");
CREATE INDEX IF NOT EXISTS "social_auth_usersocialauth_user_id_17d28448" ON "social_auth_usersocialauth" ("user_id");
CREATE INDEX IF NOT EXISTS "social_auth_usersocialauth_uid_796e51dc" ON "social_auth_usersocialauth" ("uid");
CREATE TABLE IF NOT EXISTS "social_auth_usersocialauth" ("id" integer NOT NULL PRIMARY KEY AUTOINCREMENT, "provider" varchar(32) NOT NULL, "extra_data" text NOT NULL, "user_id" integer NOT NULL REFERENCES "auth_user" ("id") DEFERRABLE INITIALLY DEFERRED, "created" datetime NOT NULL, "modified" datetime NOT NULL, "uid" varchar(255) NOT NULL);
INSERT INTO "social_auth_usersocialauth" VALUES(2,'google-oauth2','{"auth_time": 1592505721, "expires": 3599, "token_type": "Bearer", "access_token": "ya29.a0AfH6SMD5kwkAgJ601IfuG43RsouUlFQ8uRhEhP4wzBo4OQvM3i5evdASNtOQSS2S6JiIblYUwTBbvoKseLyZCpHM-SnknpRxEFvTMw0UomVOBUGOdUKe_sP436UgoG3NBir_cr1JXhRtTpxqGAUZEJR2ylDhabD8W7wI"}',8,'2020-06-18 18:42:01.570669','2020-06-18 18:42:01.575666','s6101012630135@email.kmutnb.ac.th');
CREATE UNIQUE INDEX "auth_group_permissions_group_id_permission_id_0cd325b0_uniq" ON "auth_group_permissions" ("group_id", "permission_id");
CREATE INDEX IF NOT EXISTS "auth_group_permissions_group_id_b120cbf9" ON "auth_group_permissions" ("group_id");
CREATE INDEX IF NOT EXISTS "auth_group_permissions_permission_id_84c5c92e" ON "auth_group_permissions" ("permission_id");
CREATE UNIQUE INDEX "auth_user_groups_user_id_group_id_94350c0c_uniq" ON "auth_user_groups" ("user_id", "group_id");
CREATE INDEX IF NOT EXISTS "auth_user_groups_user_id_6a12ed8b" ON "auth_user_groups" ("user_id");
CREATE INDEX IF NOT EXISTS "auth_user_groups_group_id_97559544" ON "auth_user_groups" ("group_id");
CREATE UNIQUE INDEX "auth_user_user_permissions_user_id_permission_id_14a6b632_uniq" ON "auth_user_user_permissions" ("user_id", "permission_id");
CREATE INDEX IF NOT EXISTS "auth_user_user_permissions_user_id_a95ead1b" ON "auth_user_user_permissions" ("user_id");
CREATE INDEX IF NOT EXISTS "auth_user_user_permissions_permission_id_1fbb5f2c" ON "auth_user_user_permissions" ("permission_id");
CREATE INDEX IF NOT EXISTS "django_admin_log_content_type_id_c4bce8eb" ON "django_admin_log" ("content_type_id");
CREATE INDEX IF NOT EXISTS "django_admin_log_user_id_c564eba6" ON "django_admin_log" ("user_id");
CREATE UNIQUE INDEX "django_content_type_app_label_model_76bd3d3b_uniq" ON "django_content_type" ("app_label", "model");
CREATE UNIQUE INDEX "auth_permission_content_type_id_codename_01ab375a_uniq" ON "auth_permission" ("content_type_id", "codename");
CREATE INDEX IF NOT EXISTS "auth_permission_content_type_id_2f476e4b" ON "auth_permission" ("content_type_id");
CREATE INDEX IF NOT EXISTS "kmutnbtrackapp_person_user_id_94288e0f" ON "kmutnbtrackapp_person" ("user_id");
CREATE INDEX IF NOT EXISTS "kmutnbtrackapp_history_lab_id_1d8f06a2" ON "kmutnbtrackapp_history" ("lab_id");
CREATE INDEX IF NOT EXISTS "kmutnbtrackapp_history_person_id_80999c18" ON "kmutnbtrackapp_history" ("person_id");
CREATE INDEX IF NOT EXISTS "django_session_expire_date_a5c62663" ON "django_session" ("expire_date");
CREATE UNIQUE INDEX "social_auth_nonce_server_url_timestamp_salt_f6284463_uniq" ON "social_auth_nonce" ("server_url", "timestamp", "salt");
CREATE UNIQUE INDEX "social_auth_association_server_url_handle_078befa2_uniq" ON "social_auth_association" ("server_url", "handle");
CREATE UNIQUE INDEX "social_auth_code_email_code_801b2d02_uniq" ON "social_auth_code" ("email", "code");
CREATE INDEX IF NOT EXISTS "social_auth_code_code_a2393167" ON "social_auth_code" ("code");
CREATE INDEX IF NOT EXISTS "social_auth_code_timestamp_176b341f" ON "social_auth_code" ("timestamp");
CREATE INDEX IF NOT EXISTS "social_auth_partial_token_3017fea3" ON "social_auth_partial" ("token");
CREATE INDEX IF NOT EXISTS "social_auth_partial_timestamp_50f2119f" ON "social_auth_partial" ("timestamp");
CREATE UNIQUE INDEX "social_auth_usersocialauth_provider_uid_e6b5e668_uniq" ON "social_auth_usersocialauth" ("provider", "uid");
CREATE INDEX IF NOT EXISTS "social_auth_usersocialauth_user_id_17d28448" ON "social_auth_usersocialauth" ("user_id");
CREATE INDEX IF NOT EXISTS "social_auth_usersocialauth_uid_796e51dc" ON "social_auth_usersocialauth" ("uid");
